[    8927ms] [ERROR] WebSocket connection to 'ws://localhost:1314/livereload' failed: Error in connection establishment: net::ERR_CONNECTION_REFUSED @ http://localhost:1314/livereload.js?mindelay=10&v=2&port=1314&path=livereload:1
[    8949ms] [ERROR] WebSocket connection to 'ws://localhost:1314/livereload' failed: Error in connection establishment: net::ERR_CONNECTION_REFUSED @ http://localhost:1314/livereload.js?mindelay=10&v=2&port=1314&path=livereload:1
[    8991ms] [ERROR] WebSocket connection to 'ws://localhost:1314/livereload' failed: Error in connection establishment: net::ERR_CONNECTION_REFUSED @ http://localhost:1314/livereload.js?mindelay=10&v=2&port=1314&path=livereload:1
[    9074ms] [ERROR] WebSocket connection to 'ws://localhost:1314/livereload' failed: Error in connection establishment: net::ERR_CONNECTION_REFUSED @ http://localhost:1314/livereload.js?mindelay=10&v=2&port=1314&path=livereload:1
[    9236ms] [ERROR] WebSocket connection to 'ws://localhost:1314/livereload' failed: Error in connection establishment: net::ERR_CONNECTION_REFUSED @ http://localhost:1314/livereload.js?mindelay=10&v=2&port=1314&path=livereload:1
[    9559ms] [ERROR] WebSocket connection to 'ws://localhost:1314/livereload' failed: Error in connection establishment: net::ERR_CONNECTION_REFUSED @ http://localhost:1314/livereload.js?mindelay=10&v=2&port=1314&path=livereload:1
[   10202ms] [ERROR] WebSocket connection to 'ws://localhost:1314/livereload' failed: Error in connection establishment: net::ERR_CONNECTION_REFUSED @ http://localhost:1314/livereload.js?mindelay=10&v=2&port=1314&path=livereload:1
[   11484ms] [ERROR] WebSocket connection to 'ws://localhost:1314/livereload' failed: Error in connection establishment: net::ERR_CONNECTION_REFUSED @ http://localhost:1314/livereload.js?mindelay=10&v=2&port=1314&path=livereload:1
[   14048ms] [ERROR] WebSocket connection to 'ws://localhost:1314/livereload' failed: Error in connection establishment: net::ERR_CONNECTION_REFUSED @ http://localhost:1314/livereload.js?mindelay=10&v=2&port=1314&path=livereload:1
[   19171ms] [ERROR] WebSocket connection to 'ws://localhost:1314/livereload' failed: Error in connection establishment: net::ERR_CONNECTION_REFUSED @ http://localhost:1314/livereload.js?mindelay=10&v=2&port=1314&path=livereload:1
[   29416ms] [ERROR] WebSocket connection to 'ws://localhost:1314/livereload' failed: Error in connection establishment: net::ERR_CONNECTION_REFUSED @ http://localhost:1314/livereload.js?mindelay=10&v=2&port=1314&path=livereload:1
[   49900ms] [ERROR] WebSocket connection to 'ws://localhost:1314/livereload' failed: Error in connection establishment: net::ERR_CONNECTION_REFUSED @ http://localhost:1314/livereload.js?mindelay=10&v=2&port=1314&path=livereload:1
[   90865ms] [ERROR] WebSocket connection to 'ws://localhost:1314/livereload' failed: Error in connection establishment: net::ERR_CONNECTION_REFUSED @ http://localhost:1314/livereload.js?mindelay=10&v=2&port=1314&path=livereload:1
[  150872ms] [ERROR] WebSocket connection to 'ws://localhost:1314/livereload' failed: Error in connection establishment: net::ERR_CONNECTION_REFUSED @ http://localhost:1314/livereload.js?mindelay=10&v=2&port=1314&path=livereload:1
[  210878ms] [ERROR] WebSocket connection to 'ws://localhost:1314/livereload' failed: Error in connection establishment: net::ERR_CONNECTION_REFUSED @ http://localhost:1314/livereload.js?mindelay=10&v=2&port=1314&path=livereload:1
[  270882ms] [ERROR] WebSocket connection to 'ws://localhost:1314/livereload' failed: Error in connection establishment: net::ERR_CONNECTION_REFUSED @ http://localhost:1314/livereload.js?mindelay=10&v=2&port=1314&path=livereload:1
[  330887ms] [ERROR] WebSocket connection to 'ws://localhost:1314/livereload' failed: Error in connection establishment: net::ERR_CONNECTION_REFUSED @ http://localhost:1314/livereload.js?mindelay=10&v=2&port=1314&path=livereload:1
[  390891ms] [ERROR] WebSocket connection to 'ws://localhost:1314/livereload' failed: Error in connection establishment: net::ERR_CONNECTION_REFUSED @ http://localhost:1314/livereload.js?mindelay=10&v=2&port=1314&path=livereload:1
[  450896ms] [ERROR] WebSocket connection to 'ws://localhost:1314/livereload' failed: Error in connection establishment: net::ERR_CONNECTION_REFUSED @ http://localhost:1314/livereload.js?mindelay=10&v=2&port=1314&path=livereload:1
[  510901ms] [ERROR] WebSocket connection to 'ws://localhost:1314/livereload' failed: Error in connection establishment: net::ERR_CONNECTION_REFUSED @ http://localhost:1314/livereload.js?mindelay=10&v=2&port=1314&path=livereload:1
[  570909ms] [ERROR] WebSocket connection to 'ws://localhost:1314/livereload' failed: Error in connection establishment: net::ERR_CONNECTION_REFUSED @ http://localhost:1314/livereload.js?mindelay=10&v=2&port=1314&path=livereload:1
[  630914ms] [ERROR] WebSocket connection to 'ws://localhost:1314/livereload' failed: Error in connection establishment: net::ERR_CONNECTION_REFUSED @ http://localhost:1314/livereload.js?mindelay=10&v=2&port=1314&path=livereload:1
[  690920ms] [ERROR] WebSocket connection to 'ws://localhost:1314/livereload' failed: Error in connection establishment: net::ERR_CONNECTION_REFUSED @ http://localhost:1314/livereload.js?mindelay=10&v=2&port=1314&path=livereload:1
[  750928ms] [ERROR] WebSocket connection to 'ws://localhost:1314/livereload' failed: Error in connection establishment: net::ERR_CONNECTION_REFUSED @ http://localhost:1314/livereload.js?mindelay=10&v=2&port=1314&path=livereload:1
[  810931ms] [ERROR] WebSocket connection to 'ws://localhost:1314/livereload' failed: Error in connection establishment: net::ERR_CONNECTION_REFUSED @ http://localhost:1314/livereload.js?mindelay=10&v=2&port=1314&path=livereload:1
[  870935ms] [ERROR] WebSocket connection to 'ws://localhost:1314/livereload' failed: Error in connection establishment: net::ERR_CONNECTION_REFUSED @ http://localhost:1314/livereload.js?mindelay=10&v=2&port=1314&path=livereload:1
[  930939ms] [ERROR] WebSocket connection to 'ws://localhost:1314/livereload' failed: Error in connection establishment: net::ERR_CONNECTION_REFUSED @ http://localhost:1314/livereload.js?mindelay=10&v=2&port=1314&path=livereload:1
[  990946ms] [ERROR] WebSocket connection to 'ws://localhost:1314/livereload' failed: Error in connection establishment: net::ERR_CONNECTION_REFUSED @ http://localhost:1314/livereload.js?mindelay=10&v=2&port=1314&path=livereload:1
[ 1050951ms] [ERROR] WebSocket connection to 'ws://localhost:1314/livereload' failed: Error in connection establishment: net::ERR_CONNECTION_REFUSED @ http://localhost:1314/livereload.js?mindelay=10&v=2&port=1314&path=livereload:1
[ 1110955ms] [ERROR] WebSocket connection to 'ws://localhost:1314/livereload' failed: Error in connection establishment: net::ERR_CONNECTION_REFUSED @ http://localhost:1314/livereload.js?mindelay=10&v=2&port=1314&path=livereload:1
[ 1170962ms] [ERROR] WebSocket connection to 'ws://localhost:1314/livereload' failed: Error in connection establishment: net::ERR_CONNECTION_REFUSED @ http://localhost:1314/livereload.js?mindelay=10&v=2&port=1314&path=livereload:1
[ 1230967ms] [ERROR] WebSocket connection to 'ws://localhost:1314/livereload' failed: Error in connection establishment: net::ERR_CONNECTION_REFUSED @ http://localhost:1314/livereload.js?mindelay=10&v=2&port=1314&path=livereload:1
[ 1290974ms] [ERROR] WebSocket connection to 'ws://localhost:1314/livereload' failed: Error in connection establishment: net::ERR_CONNECTION_REFUSED @ http://localhost:1314/livereload.js?mindelay=10&v=2&port=1314&path=livereload:1
[ 1350984ms] [ERROR] WebSocket connection to 'ws://localhost:1314/livereload' failed: Error in connection establishment: net::ERR_CONNECTION_REFUSED @ http://localhost:1314/livereload.js?mindelay=10&v=2&port=1314&path=livereload:1
[ 1410991ms] [ERROR] WebSocket connection to 'ws://localhost:1314/livereload' failed: Error in connection establishment: net::ERR_CONNECTION_REFUSED @ http://localhost:1314/livereload.js?mindelay=10&v=2&port=1314&path=livereload:1
[ 1470995ms] [ERROR] WebSocket connection to 'ws://localhost:1314/livereload' failed: Error in connection establishment: net::ERR_CONNECTION_REFUSED @ http://localhost:1314/livereload.js?mindelay=10&v=2&port=1314&path=livereload:1
[ 1531003ms] [ERROR] WebSocket connection to 'ws://localhost:1314/livereload' failed: Error in connection establishment: net::ERR_CONNECTION_REFUSED @ http://localhost:1314/livereload.js?mindelay=10&v=2&port=1314&path=livereload:1
[ 1591008ms] [ERROR] WebSocket connection to 'ws://localhost:1314/livereload' failed: Error in connection establishment: net::ERR_CONNECTION_REFUSED @ http://localhost:1314/livereload.js?mindelay=10&v=2&port=1314&path=livereload:1
[ 1651013ms] [ERROR] WebSocket connection to 'ws://localhost:1314/livereload' failed: Error in connection establishment: net::ERR_CONNECTION_REFUSED @ http://localhost:1314/livereload.js?mindelay=10&v=2&port=1314&path=livereload:1
[ 1711018ms] [ERROR] WebSocket connection to 'ws://localhost:1314/livereload' failed: Error in connection establishment: net::ERR_CONNECTION_REFUSED @ http://localhost:1314/livereload.js?mindelay=10&v=2&port=1314&path=livereload:1
[ 1771031ms] [ERROR] WebSocket connection to 'ws://localhost:1314/livereload' failed: Error in connection establishment: net::ERR_CONNECTION_REFUSED @ http://localhost:1314/livereload.js?mindelay=10&v=2&port=1314&path=livereload:1
[ 1831039ms] [ERROR] WebSocket connection to 'ws://localhost:1314/livereload' failed: Error in connection establishment: net::ERR_CONNECTION_REFUSED @ http://localhost:1314/livereload.js?mindelay=10&v=2&port=1314&path=livereload:1
[ 1891043ms] [ERROR] WebSocket connection to 'ws://localhost:1314/livereload' failed: Error in connection establishment: net::ERR_CONNECTION_REFUSED @ http://localhost:1314/livereload.js?mindelay=10&v=2&port=1314&path=livereload:1
[ 1951049ms] [ERROR] WebSocket connection to 'ws://localhost:1314/livereload' failed: Error in connection establishment: net::ERR_CONNECTION_REFUSED @ http://localhost:1314/livereload.js?mindelay=10&v=2&port=1314&path=livereload:1
[ 2011054ms] [ERROR] WebSocket connection to 'ws://localhost:1314/livereload' failed: Error in connection establishment: net::ERR_CONNECTION_REFUSED @ http://localhost:1314/livereload.js?mindelay=10&v=2&port=1314&path=livereload:1
[ 2071060ms] [ERROR] WebSocket connection to 'ws://localhost:1314/livereload' failed: Error in connection establishment: net::ERR_CONNECTION_REFUSED @ http://localhost:1314/livereload.js?mindelay=10&v=2&port=1314&path=livereload:1
[ 2131064ms] [ERROR] WebSocket connection to 'ws://localhost:1314/livereload' failed: Error in connection establishment: net::ERR_CONNECTION_REFUSED @ http://localhost:1314/livereload.js?mindelay=10&v=2&port=1314&path=livereload:1
[ 2191071ms] [ERROR] WebSocket connection to 'ws://localhost:1314/livereload' failed: Error in connection establishment: net::ERR_CONNECTION_REFUSED @ http://localhost:1314/livereload.js?mindelay=10&v=2&port=1314&path=livereload:1
[ 2251079ms] [ERROR] WebSocket connection to 'ws://localhost:1314/livereload' failed: Error in connection establishment: net::ERR_CONNECTION_REFUSED @ http://localhost:1314/livereload.js?mindelay=10&v=2&port=1314&path=livereload:1
[ 2311085ms] [ERROR] WebSocket connection to 'ws://localhost:1314/livereload' failed: Error in connection establishment: net::ERR_CONNECTION_REFUSED @ http://localhost:1314/livereload.js?mindelay=10&v=2&port=1314&path=livereload:1
[ 2371090ms] [ERROR] WebSocket connection to 'ws://localhost:1314/livereload' failed: Error in connection establishment: net::ERR_CONNECTION_REFUSED @ http://localhost:1314/livereload.js?mindelay=10&v=2&port=1314&path=livereload:1
[ 2431096ms] [ERROR] WebSocket connection to 'ws://localhost:1314/livereload' failed: Error in connection establishment: net::ERR_CONNECTION_REFUSED @ http://localhost:1314/livereload.js?mindelay=10&v=2&port=1314&path=livereload:1
[ 2491105ms] [ERROR] WebSocket connection to 'ws://localhost:1314/livereload' failed: Error in connection establishment: net::ERR_CONNECTION_REFUSED @ http://localhost:1314/livereload.js?mindelay=10&v=2&port=1314&path=livereload:1
[ 2551110ms] [ERROR] WebSocket connection to 'ws://localhost:1314/livereload' failed: Error in connection establishment: net::ERR_CONNECTION_REFUSED @ http://localhost:1314/livereload.js?mindelay=10&v=2&port=1314&path=livereload:1
[ 2611115ms] [ERROR] WebSocket connection to 'ws://localhost:1314/livereload' failed: Error in connection establishment: net::ERR_CONNECTION_REFUSED @ http://localhost:1314/livereload.js?mindelay=10&v=2&port=1314&path=livereload:1
[ 2671121ms] [ERROR] WebSocket connection to 'ws://localhost:1314/livereload' failed: Error in connection establishment: net::ERR_CONNECTION_REFUSED @ http://localhost:1314/livereload.js?mindelay=10&v=2&port=1314&path=livereload:1
[ 2731152ms] [ERROR] WebSocket connection to 'ws://localhost:1314/livereload' failed: Error in connection establishment: net::ERR_CONNECTION_REFUSED @ http://localhost:1314/livereload.js?mindelay=10&v=2&port=1314&path=livereload:1
[ 2791160ms] [ERROR] WebSocket connection to 'ws://localhost:1314/livereload' failed: Error in connection establishment: net::ERR_CONNECTION_REFUSED @ http://localhost:1314/livereload.js?mindelay=10&v=2&port=1314&path=livereload:1
[ 2851167ms] [ERROR] WebSocket connection to 'ws://localhost:1314/livereload' failed: Error in connection establishment: net::ERR_CONNECTION_REFUSED @ http://localhost:1314/livereload.js?mindelay=10&v=2&port=1314&path=livereload:1
[ 2911177ms] [ERROR] WebSocket connection to 'ws://localhost:1314/livereload' failed: Error in connection establishment: net::ERR_CONNECTION_REFUSED @ http://localhost:1314/livereload.js?mindelay=10&v=2&port=1314&path=livereload:1
[ 2971185ms] [ERROR] WebSocket connection to 'ws://localhost:1314/livereload' failed: Error in connection establishment: net::ERR_CONNECTION_REFUSED @ http://localhost:1314/livereload.js?mindelay=10&v=2&port=1314&path=livereload:1
[ 3031191ms] [ERROR] WebSocket connection to 'ws://localhost:1314/livereload' failed: Error in connection establishment: net::ERR_CONNECTION_REFUSED @ http://localhost:1314/livereload.js?mindelay=10&v=2&port=1314&path=livereload:1
[ 3091195ms] [ERROR] WebSocket connection to 'ws://localhost:1314/livereload' failed: Error in connection establishment: net::ERR_CONNECTION_REFUSED @ http://localhost:1314/livereload.js?mindelay=10&v=2&port=1314&path=livereload:1
[ 3151203ms] [ERROR] WebSocket connection to 'ws://localhost:1314/livereload' failed: Error in connection establishment: net::ERR_CONNECTION_REFUSED @ http://localhost:1314/livereload.js?mindelay=10&v=2&port=1314&path=livereload:1
[ 3211208ms] [ERROR] WebSocket connection to 'ws://localhost:1314/livereload' failed: Error in connection establishment: net::ERR_CONNECTION_REFUSED @ http://localhost:1314/livereload.js?mindelay=10&v=2&port=1314&path=livereload:1
[ 3271215ms] [ERROR] WebSocket connection to 'ws://localhost:1314/livereload' failed: Error in connection establishment: net::ERR_CONNECTION_REFUSED @ http://localhost:1314/livereload.js?mindelay=10&v=2&port=1314&path=livereload:1
[ 3331223ms] [ERROR] WebSocket connection to 'ws://localhost:1314/livereload' failed: Error in connection establishment: net::ERR_CONNECTION_REFUSED @ http://localhost:1314/livereload.js?mindelay=10&v=2&port=1314&path=livereload:1
[ 3391234ms] [ERROR] WebSocket connection to 'ws://localhost:1314/livereload' failed: Error in connection establishment: net::ERR_CONNECTION_REFUSED @ http://localhost:1314/livereload.js?mindelay=10&v=2&port=1314&path=livereload:1
[ 3451242ms] [ERROR] WebSocket connection to 'ws://localhost:1314/livereload' failed: Error in connection establishment: net::ERR_CONNECTION_REFUSED @ http://localhost:1314/livereload.js?mindelay=10&v=2&port=1314&path=livereload:1
[ 3511247ms] [ERROR] WebSocket connection to 'ws://localhost:1314/livereload' failed: Error in connection establishment: net::ERR_CONNECTION_REFUSED @ http://localhost:1314/livereload.js?mindelay=10&v=2&port=1314&path=livereload:1
[ 3571259ms] [ERROR] WebSocket connection to 'ws://localhost:1314/livereload' failed: Error in connection establishment: net::ERR_CONNECTION_REFUSED @ http://localhost:1314/livereload.js?mindelay=10&v=2&port=1314&path=livereload:1
[ 3631264ms] [ERROR] WebSocket connection to 'ws://localhost:1314/livereload' failed: Error in connection establishment: net::ERR_CONNECTION_REFUSED @ http://localhost:1314/livereload.js?mindelay=10&v=2&port=1314&path=livereload:1
[ 3691271ms] [ERROR] WebSocket connection to 'ws://localhost:1314/livereload' failed: Error in connection establishment: net::ERR_CONNECTION_REFUSED @ http://localhost:1314/livereload.js?mindelay=10&v=2&port=1314&path=livereload:1
[ 3751268ms] [ERROR] WebSocket connection to 'ws://localhost:1314/livereload' failed: Error in connection establishment: net::ERR_CONNECTION_REFUSED @ http://localhost:1314/livereload.js?mindelay=10&v=2&port=1314&path=livereload:1
[ 3811271ms] [ERROR] WebSocket connection to 'ws://localhost:1314/livereload' failed: Error in connection establishment: net::ERR_CONNECTION_REFUSED @ http://localhost:1314/livereload.js?mindelay=10&v=2&port=1314&path=livereload:1
[ 3871280ms] [ERROR] WebSocket connection to 'ws://localhost:1314/livereload' failed: Error in connection establishment: net::ERR_CONNECTION_REFUSED @ http://localhost:1314/livereload.js?mindelay=10&v=2&port=1314&path=livereload:1
[ 3931285ms] [ERROR] WebSocket connection to 'ws://localhost:1314/livereload' failed: Error in connection establishment: net::ERR_CONNECTION_REFUSED @ http://localhost:1314/livereload.js?mindelay=10&v=2&port=1314&path=livereload:1
[ 3991291ms] [ERROR] WebSocket connection to 'ws://localhost:1314/livereload' failed: Error in connection establishment: net::ERR_CONNECTION_REFUSED @ http://localhost:1314/livereload.js?mindelay=10&v=2&port=1314&path=livereload:1
[ 4051297ms] [ERROR] WebSocket connection to 'ws://localhost:1314/livereload' failed: Error in connection establishment: net::ERR_CONNECTION_REFUSED @ http://localhost:1314/livereload.js?mindelay=10&v=2&port=1314&path=livereload:1
[ 4111306ms] [ERROR] WebSocket connection to 'ws://localhost:1314/livereload' failed: Error in connection establishment: net::ERR_CONNECTION_REFUSED @ http://localhost:1314/livereload.js?mindelay=10&v=2&port=1314&path=livereload:1
[ 4171312ms] [ERROR] WebSocket connection to 'ws://localhost:1314/livereload' failed: Error in connection establishment: net::ERR_CONNECTION_REFUSED @ http://localhost:1314/livereload.js?mindelay=10&v=2&port=1314&path=livereload:1
[ 4231320ms] [ERROR] WebSocket connection to 'ws://localhost:1314/livereload' failed: Error in connection establishment: net::ERR_CONNECTION_REFUSED @ http://localhost:1314/livereload.js?mindelay=10&v=2&port=1314&path=livereload:1
[ 4291327ms] [ERROR] WebSocket connection to 'ws://localhost:1314/livereload' failed: Error in connection establishment: net::ERR_CONNECTION_REFUSED @ http://localhost:1314/livereload.js?mindelay=10&v=2&port=1314&path=livereload:1
[ 4351333ms] [ERROR] WebSocket connection to 'ws://localhost:1314/livereload' failed: Error in connection establishment: net::ERR_CONNECTION_REFUSED @ http://localhost:1314/livereload.js?mindelay=10&v=2&port=1314&path=livereload:1
[ 4411341ms] [ERROR] WebSocket connection to 'ws://localhost:1314/livereload' failed: Error in connection establishment: net::ERR_CONNECTION_REFUSED @ http://localhost:1314/livereload.js?mindelay=10&v=2&port=1314&path=livereload:1
[ 4471346ms] [ERROR] WebSocket connection to 'ws://localhost:1314/livereload' failed: Error in connection establishment: net::ERR_CONNECTION_REFUSED @ http://localhost:1314/livereload.js?mindelay=10&v=2&port=1314&path=livereload:1
[ 4531352ms] [ERROR] WebSocket connection to 'ws://localhost:1314/livereload' failed: Error in connection establishment: net::ERR_CONNECTION_REFUSED @ http://localhost:1314/livereload.js?mindelay=10&v=2&port=1314&path=livereload:1
[ 4591360ms] [ERROR] WebSocket connection to 'ws://localhost:1314/livereload' failed: Error in connection establishment: net::ERR_CONNECTION_REFUSED @ http://localhost:1314/livereload.js?mindelay=10&v=2&port=1314&path=livereload:1
[ 4651364ms] [ERROR] WebSocket connection to 'ws://localhost:1314/livereload' failed: Error in connection establishment: net::ERR_CONNECTION_REFUSED @ http://localhost:1314/livereload.js?mindelay=10&v=2&port=1314&path=livereload:1
[ 4711370ms] [ERROR] WebSocket connection to 'ws://localhost:1314/livereload' failed: Error in connection establishment: net::ERR_CONNECTION_REFUSED @ http://localhost:1314/livereload.js?mindelay=10&v=2&port=1314&path=livereload:1
[ 4771380ms] [ERROR] WebSocket connection to 'ws://localhost:1314/livereload' failed: Error in connection establishment: net::ERR_CONNECTION_REFUSED @ http://localhost:1314/livereload.js?mindelay=10&v=2&port=1314&path=livereload:1
[ 4831372ms] [ERROR] WebSocket connection to 'ws://localhost:1314/livereload' failed: Error in connection establishment: net::ERR_CONNECTION_REFUSED @ http://localhost:1314/livereload.js?mindelay=10&v=2&port=1314&path=livereload:1
[ 4891357ms] [ERROR] WebSocket connection to 'ws://localhost:1314/livereload' failed: Error in connection establishment: net::ERR_CONNECTION_REFUSED @ http://localhost:1314/livereload.js?mindelay=10&v=2&port=1314&path=livereload:1
[ 4951366ms] [ERROR] WebSocket connection to 'ws://localhost:1314/livereload' failed: Error in connection establishment: net::ERR_CONNECTION_REFUSED @ http://localhost:1314/livereload.js?mindelay=10&v=2&port=1314&path=livereload:1
[ 5011374ms] [ERROR] WebSocket connection to 'ws://localhost:1314/livereload' failed: Error in connection establishment: net::ERR_CONNECTION_REFUSED @ http://localhost:1314/livereload.js?mindelay=10&v=2&port=1314&path=livereload:1
[ 5071382ms] [ERROR] WebSocket connection to 'ws://localhost:1314/livereload' failed: Error in connection establishment: net::ERR_CONNECTION_REFUSED @ http://localhost:1314/livereload.js?mindelay=10&v=2&port=1314&path=livereload:1
[ 5131388ms] [ERROR] WebSocket connection to 'ws://localhost:1314/livereload' failed: Error in connection establishment: net::ERR_CONNECTION_REFUSED @ http://localhost:1314/livereload.js?mindelay=10&v=2&port=1314&path=livereload:1
[ 5191396ms] [ERROR] WebSocket connection to 'ws://localhost:1314/livereload' failed: Error in connection establishment: net::ERR_CONNECTION_REFUSED @ http://localhost:1314/livereload.js?mindelay=10&v=2&port=1314&path=livereload:1
[ 5251400ms] [ERROR] WebSocket connection to 'ws://localhost:1314/livereload' failed: Error in connection establishment: net::ERR_CONNECTION_REFUSED @ http://localhost:1314/livereload.js?mindelay=10&v=2&port=1314&path=livereload:1
[ 5311406ms] [ERROR] WebSocket connection to 'ws://localhost:1314/livereload' failed: Error in connection establishment: net::ERR_CONNECTION_REFUSED @ http://localhost:1314/livereload.js?mindelay=10&v=2&port=1314&path=livereload:1
[ 5371415ms] [ERROR] WebSocket connection to 'ws://localhost:1314/livereload' failed: Error in connection establishment: net::ERR_CONNECTION_REFUSED @ http://localhost:1314/livereload.js?mindelay=10&v=2&port=1314&path=livereload:1
[ 5431421ms] [ERROR] WebSocket connection to 'ws://localhost:1314/livereload' failed: Error in connection establishment: net::ERR_CONNECTION_REFUSED @ http://localhost:1314/livereload.js?mindelay=10&v=2&port=1314&path=livereload:1
[ 5491427ms] [ERROR] WebSocket connection to 'ws://localhost:1314/livereload' failed: Error in connection establishment: net::ERR_CONNECTION_REFUSED @ http://localhost:1314/livereload.js?mindelay=10&v=2&port=1314&path=livereload:1
[ 5551435ms] [ERROR] WebSocket connection to 'ws://localhost:1314/livereload' failed: Error in connection establishment: net::ERR_CONNECTION_REFUSED @ http://localhost:1314/livereload.js?mindelay=10&v=2&port=1314&path=livereload:1
[ 5611440ms] [ERROR] WebSocket connection to 'ws://localhost:1314/livereload' failed: Error in connection establishment: net::ERR_CONNECTION_REFUSED @ http://localhost:1314/livereload.js?mindelay=10&v=2&port=1314&path=livereload:1
[ 5671445ms] [ERROR] WebSocket connection to 'ws://localhost:1314/livereload' failed: Error in connection establishment: net::ERR_CONNECTION_REFUSED @ http://localhost:1314/livereload.js?mindelay=10&v=2&port=1314&path=livereload:1
[ 5731452ms] [ERROR] WebSocket connection to 'ws://localhost:1314/livereload' failed: Error in connection establishment: net::ERR_CONNECTION_REFUSED @ http://localhost:1314/livereload.js?mindelay=10&v=2&port=1314&path=livereload:1
[ 5791460ms] [ERROR] WebSocket connection to 'ws://localhost:1314/livereload' failed: Error in connection establishment: net::ERR_CONNECTION_REFUSED @ http://localhost:1314/livereload.js?mindelay=10&v=2&port=1314&path=livereload:1
[ 5851466ms] [ERROR] WebSocket connection to 'ws://localhost:1314/livereload' failed: Error in connection establishment: net::ERR_CONNECTION_REFUSED @ http://localhost:1314/livereload.js?mindelay=10&v=2&port=1314&path=livereload:1
[ 5911473ms] [ERROR] WebSocket connection to 'ws://localhost:1314/livereload' failed: Error in connection establishment: net::ERR_CONNECTION_REFUSED @ http://localhost:1314/livereload.js?mindelay=10&v=2&port=1314&path=livereload:1
[ 5971483ms] [ERROR] WebSocket connection to 'ws://localhost:1314/livereload' failed: Error in connection establishment: net::ERR_CONNECTION_REFUSED @ http://localhost:1314/livereload.js?mindelay=10&v=2&port=1314&path=livereload:1
[ 6031489ms] [ERROR] WebSocket connection to 'ws://localhost:1314/livereload' failed: Error in connection establishment: net::ERR_CONNECTION_REFUSED @ http://localhost:1314/livereload.js?mindelay=10&v=2&port=1314&path=livereload:1
[ 6091495ms] [ERROR] WebSocket connection to 'ws://localhost:1314/livereload' failed: Error in connection establishment: net::ERR_CONNECTION_REFUSED @ http://localhost:1314/livereload.js?mindelay=10&v=2&port=1314&path=livereload:1
[ 6151501ms] [ERROR] WebSocket connection to 'ws://localhost:1314/livereload' failed: Error in connection establishment: net::ERR_CONNECTION_REFUSED @ http://localhost:1314/livereload.js?mindelay=10&v=2&port=1314&path=livereload:1
[ 6211513ms] [ERROR] WebSocket connection to 'ws://localhost:1314/livereload' failed: Error in connection establishment: net::ERR_CONNECTION_REFUSED @ http://localhost:1314/livereload.js?mindelay=10&v=2&port=1314&path=livereload:1
[ 6271521ms] [ERROR] WebSocket connection to 'ws://localhost:1314/livereload' failed: Error in connection establishment: net::ERR_CONNECTION_REFUSED @ http://localhost:1314/livereload.js?mindelay=10&v=2&port=1314&path=livereload:1
[ 6331529ms] [ERROR] WebSocket connection to 'ws://localhost:1314/livereload' failed: Error in connection establishment: net::ERR_CONNECTION_REFUSED @ http://localhost:1314/livereload.js?mindelay=10&v=2&port=1314&path=livereload:1
[ 6391535ms] [ERROR] WebSocket connection to 'ws://localhost:1314/livereload' failed: Error in connection establishment: net::ERR_CONNECTION_REFUSED @ http://localhost:1314/livereload.js?mindelay=10&v=2&port=1314&path=livereload:1
[ 6451538ms] [ERROR] WebSocket connection to 'ws://localhost:1314/livereload' failed: Error in connection establishment: net::ERR_CONNECTION_REFUSED @ http://localhost:1314/livereload.js?mindelay=10&v=2&port=1314&path=livereload:1
[ 6511540ms] [ERROR] WebSocket connection to 'ws://localhost:1314/livereload' failed: Error in connection establishment: net::ERR_CONNECTION_REFUSED @ http://localhost:1314/livereload.js?mindelay=10&v=2&port=1314&path=livereload:1
[ 6571544ms] [ERROR] WebSocket connection to 'ws://localhost:1314/livereload' failed: Error in connection establishment: net::ERR_CONNECTION_REFUSED @ http://localhost:1314/livereload.js?mindelay=10&v=2&port=1314&path=livereload:1
[ 6631549ms] [ERROR] WebSocket connection to 'ws://localhost:1314/livereload' failed: Error in connection establishment: net::ERR_CONNECTION_REFUSED @ http://localhost:1314/livereload.js?mindelay=10&v=2&port=1314&path=livereload:1
[ 6691558ms] [ERROR] WebSocket connection to 'ws://localhost:1314/livereload' failed: Error in connection establishment: net::ERR_CONNECTION_REFUSED @ http://localhost:1314/livereload.js?mindelay=10&v=2&port=1314&path=livereload:1
[ 6751563ms] [ERROR] WebSocket connection to 'ws://localhost:1314/livereload' failed: Error in connection establishment: net::ERR_CONNECTION_REFUSED @ http://localhost:1314/livereload.js?mindelay=10&v=2&port=1314&path=livereload:1
[ 6811568ms] [ERROR] WebSocket connection to 'ws://localhost:1314/livereload' failed: Error in connection establishment: net::ERR_CONNECTION_REFUSED @ http://localhost:1314/livereload.js?mindelay=10&v=2&port=1314&path=livereload:1
[ 6871573ms] [ERROR] WebSocket connection to 'ws://localhost:1314/livereload' failed: Error in connection establishment: net::ERR_CONNECTION_REFUSED @ http://localhost:1314/livereload.js?mindelay=10&v=2&port=1314&path=livereload:1
[ 6931580ms] [ERROR] WebSocket connection to 'ws://localhost:1314/livereload' failed: Error in connection establishment: net::ERR_CONNECTION_REFUSED @ http://localhost:1314/livereload.js?mindelay=10&v=2&port=1314&path=livereload:1
[ 6991585ms] [ERROR] WebSocket connection to 'ws://localhost:1314/livereload' failed: Error in connection establishment: net::ERR_CONNECTION_REFUSED @ http://localhost:1314/livereload.js?mindelay=10&v=2&port=1314&path=livereload:1
[ 7051622ms] [ERROR] WebSocket connection to 'ws://localhost:1314/livereload' failed: Error in connection establishment: net::ERR_CONNECTION_REFUSED @ http://localhost:1314/livereload.js?mindelay=10&v=2&port=1314&path=livereload:1
[ 7111630ms] [ERROR] WebSocket connection to 'ws://localhost:1314/livereload' failed: Error in connection establishment: net::ERR_CONNECTION_REFUSED @ http://localhost:1314/livereload.js?mindelay=10&v=2&port=1314&path=livereload:1
[ 7171636ms] [ERROR] WebSocket connection to 'ws://localhost:1314/livereload' failed: Error in connection establishment: net::ERR_CONNECTION_REFUSED @ http://localhost:1314/livereload.js?mindelay=10&v=2&port=1314&path=livereload:1
[ 7231641ms] [ERROR] WebSocket connection to 'ws://localhost:1314/livereload' failed: Error in connection establishment: net::ERR_CONNECTION_REFUSED @ http://localhost:1314/livereload.js?mindelay=10&v=2&port=1314&path=livereload:1
[ 7291648ms] [ERROR] WebSocket connection to 'ws://localhost:1314/livereload' failed: Error in connection establishment: net::ERR_CONNECTION_REFUSED @ http://localhost:1314/livereload.js?mindelay=10&v=2&port=1314&path=livereload:1
[ 7351658ms] [ERROR] WebSocket connection to 'ws://localhost:1314/livereload' failed: Error in connection establishment: net::ERR_CONNECTION_REFUSED @ http://localhost:1314/livereload.js?mindelay=10&v=2&port=1314&path=livereload:1
[ 7411664ms] [ERROR] WebSocket connection to 'ws://localhost:1314/livereload' failed: Error in connection establishment: net::ERR_CONNECTION_REFUSED @ http://localhost:1314/livereload.js?mindelay=10&v=2&port=1314&path=livereload:1
[ 7471670ms] [ERROR] WebSocket connection to 'ws://localhost:1314/livereload' failed: Error in connection establishment: net::ERR_CONNECTION_REFUSED @ http://localhost:1314/livereload.js?mindelay=10&v=2&port=1314&path=livereload:1
[ 7531678ms] [ERROR] WebSocket connection to 'ws://localhost:1314/livereload' failed: Error in connection establishment: net::ERR_CONNECTION_REFUSED @ http://localhost:1314/livereload.js?mindelay=10&v=2&port=1314&path=livereload:1
[ 7591684ms] [ERROR] WebSocket connection to 'ws://localhost:1314/livereload' failed: Error in connection establishment: net::ERR_CONNECTION_REFUSED @ http://localhost:1314/livereload.js?mindelay=10&v=2&port=1314&path=livereload:1
[ 7651697ms] [ERROR] WebSocket connection to 'ws://localhost:1314/livereload' failed: Error in connection establishment: net::ERR_CONNECTION_REFUSED @ http://localhost:1314/livereload.js?mindelay=10&v=2&port=1314&path=livereload:1
[ 7711767ms] [ERROR] WebSocket connection to 'ws://localhost:1314/livereload' failed: Error in connection establishment: net::ERR_CONNECTION_REFUSED @ http://localhost:1314/livereload.js?mindelay=10&v=2&port=1314&path=livereload:1
[ 7771783ms] [ERROR] WebSocket connection to 'ws://localhost:1314/livereload' failed: Error in connection establishment: net::ERR_CONNECTION_REFUSED @ http://localhost:1314/livereload.js?mindelay=10&v=2&port=1314&path=livereload:1
[ 7831795ms] [ERROR] WebSocket connection to 'ws://localhost:1314/livereload' failed: Error in connection establishment: net::ERR_CONNECTION_REFUSED @ http://localhost:1314/livereload.js?mindelay=10&v=2&port=1314&path=livereload:1
[ 7891802ms] [ERROR] WebSocket connection to 'ws://localhost:1314/livereload' failed: Error in connection establishment: net::ERR_CONNECTION_REFUSED @ http://localhost:1314/livereload.js?mindelay=10&v=2&port=1314&path=livereload:1
[ 7951814ms] [ERROR] WebSocket connection to 'ws://localhost:1314/livereload' failed: Error in connection establishment: net::ERR_CONNECTION_REFUSED @ http://localhost:1314/livereload.js?mindelay=10&v=2&port=1314&path=livereload:1
[ 8011821ms] [ERROR] WebSocket connection to 'ws://localhost:1314/livereload' failed: Error in connection establishment: net::ERR_CONNECTION_REFUSED @ http://localhost:1314/livereload.js?mindelay=10&v=2&port=1314&path=livereload:1
[ 8071833ms] [ERROR] WebSocket connection to 'ws://localhost:1314/livereload' failed: Error in connection establishment: net::ERR_CONNECTION_REFUSED @ http://localhost:1314/livereload.js?mindelay=10&v=2&port=1314&path=livereload:1
[ 8131855ms] [ERROR] WebSocket connection to 'ws://localhost:1314/livereload' failed: Error in connection establishment: net::ERR_CONNECTION_REFUSED @ http://localhost:1314/livereload.js?mindelay=10&v=2&port=1314&path=livereload:1
[ 8191869ms] [ERROR] WebSocket connection to 'ws://localhost:1314/livereload' failed: Error in connection establishment: net::ERR_CONNECTION_REFUSED @ http://localhost:1314/livereload.js?mindelay=10&v=2&port=1314&path=livereload:1
[ 8251877ms] [ERROR] WebSocket connection to 'ws://localhost:1314/livereload' failed: Error in connection establishment: net::ERR_CONNECTION_REFUSED @ http://localhost:1314/livereload.js?mindelay=10&v=2&port=1314&path=livereload:1
[ 8311886ms] [ERROR] WebSocket connection to 'ws://localhost:1314/livereload' failed: Error in connection establishment: net::ERR_CONNECTION_REFUSED @ http://localhost:1314/livereload.js?mindelay=10&v=2&port=1314&path=livereload:1
[ 8371894ms] [ERROR] WebSocket connection to 'ws://localhost:1314/livereload' failed: Error in connection establishment: net::ERR_CONNECTION_REFUSED @ http://localhost:1314/livereload.js?mindelay=10&v=2&port=1314&path=livereload:1
[ 8431903ms] [ERROR] WebSocket connection to 'ws://localhost:1314/livereload' failed: Error in connection establishment: net::ERR_CONNECTION_REFUSED @ http://localhost:1314/livereload.js?mindelay=10&v=2&port=1314&path=livereload:1
[ 8491910ms] [ERROR] WebSocket connection to 'ws://localhost:1314/livereload' failed: Error in connection establishment: net::ERR_CONNECTION_REFUSED @ http://localhost:1314/livereload.js?mindelay=10&v=2&port=1314&path=livereload:1
[ 8551916ms] [ERROR] WebSocket connection to 'ws://localhost:1314/livereload' failed: Error in connection establishment: net::ERR_CONNECTION_REFUSED @ http://localhost:1314/livereload.js?mindelay=10&v=2&port=1314&path=livereload:1
[ 8611922ms] [ERROR] WebSocket connection to 'ws://localhost:1314/livereload' failed: Error in connection establishment: net::ERR_CONNECTION_REFUSED @ http://localhost:1314/livereload.js?mindelay=10&v=2&port=1314&path=livereload:1
[ 8671927ms] [ERROR] WebSocket connection to 'ws://localhost:1314/livereload' failed: Error in connection establishment: net::ERR_CONNECTION_REFUSED @ http://localhost:1314/livereload.js?mindelay=10&v=2&port=1314&path=livereload:1
[ 8731935ms] [ERROR] WebSocket connection to 'ws://localhost:1314/livereload' failed: Error in connection establishment: net::ERR_CONNECTION_REFUSED @ http://localhost:1314/livereload.js?mindelay=10&v=2&port=1314&path=livereload:1
[ 8791942ms] [ERROR] WebSocket connection to 'ws://localhost:1314/livereload' failed: Error in connection establishment: net::ERR_CONNECTION_REFUSED @ http://localhost:1314/livereload.js?mindelay=10&v=2&port=1314&path=livereload:1
[ 8851957ms] [ERROR] WebSocket connection to 'ws://localhost:1314/livereload' failed: Error in connection establishment: net::ERR_CONNECTION_REFUSED @ http://localhost:1314/livereload.js?mindelay=10&v=2&port=1314&path=livereload:1
[ 8911964ms] [ERROR] WebSocket connection to 'ws://localhost:1314/livereload' failed: Error in connection establishment: net::ERR_CONNECTION_REFUSED @ http://localhost:1314/livereload.js?mindelay=10&v=2&port=1314&path=livereload:1
[ 8971973ms] [ERROR] WebSocket connection to 'ws://localhost:1314/livereload' failed: Error in connection establishment: net::ERR_CONNECTION_REFUSED @ http://localhost:1314/livereload.js?mindelay=10&v=2&port=1314&path=livereload:1
[ 9031982ms] [ERROR] WebSocket connection to 'ws://localhost:1314/livereload' failed: Error in connection establishment: net::ERR_CONNECTION_REFUSED @ http://localhost:1314/livereload.js?mindelay=10&v=2&port=1314&path=livereload:1
[ 9091992ms] [ERROR] WebSocket connection to 'ws://localhost:1314/livereload' failed: Error in connection establishment: net::ERR_CONNECTION_REFUSED @ http://localhost:1314/livereload.js?mindelay=10&v=2&port=1314&path=livereload:1
[ 9152000ms] [ERROR] WebSocket connection to 'ws://localhost:1314/livereload' failed: Error in connection establishment: net::ERR_CONNECTION_REFUSED @ http://localhost:1314/livereload.js?mindelay=10&v=2&port=1314&path=livereload:1
[ 9212010ms] [ERROR] WebSocket connection to 'ws://localhost:1314/livereload' failed: Error in connection establishment: net::ERR_CONNECTION_REFUSED @ http://localhost:1314/livereload.js?mindelay=10&v=2&port=1314&path=livereload:1
[ 9272018ms] [ERROR] WebSocket connection to 'ws://localhost:1314/livereload' failed: Error in connection establishment: net::ERR_CONNECTION_REFUSED @ http://localhost:1314/livereload.js?mindelay=10&v=2&port=1314&path=livereload:1
[ 9332028ms] [ERROR] WebSocket connection to 'ws://localhost:1314/livereload' failed: Error in connection establishment: net::ERR_CONNECTION_REFUSED @ http://localhost:1314/livereload.js?mindelay=10&v=2&port=1314&path=livereload:1
[ 9392035ms] [ERROR] WebSocket connection to 'ws://localhost:1314/livereload' failed: Error in connection establishment: net::ERR_CONNECTION_REFUSED @ http://localhost:1314/livereload.js?mindelay=10&v=2&port=1314&path=livereload:1
[ 9452041ms] [ERROR] WebSocket connection to 'ws://localhost:1314/livereload' failed: Error in connection establishment: net::ERR_CONNECTION_REFUSED @ http://localhost:1314/livereload.js?mindelay=10&v=2&port=1314&path=livereload:1
[ 9512051ms] [ERROR] WebSocket connection to 'ws://localhost:1314/livereload' failed: Error in connection establishment: net::ERR_CONNECTION_REFUSED @ http://localhost:1314/livereload.js?mindelay=10&v=2&port=1314&path=livereload:1
[ 9572057ms] [ERROR] WebSocket connection to 'ws://localhost:1314/livereload' failed: Error in connection establishment: net::ERR_CONNECTION_REFUSED @ http://localhost:1314/livereload.js?mindelay=10&v=2&port=1314&path=livereload:1
[ 9632064ms] [ERROR] WebSocket connection to 'ws://localhost:1314/livereload' failed: Error in connection establishment: net::ERR_CONNECTION_REFUSED @ http://localhost:1314/livereload.js?mindelay=10&v=2&port=1314&path=livereload:1
[ 9692073ms] [ERROR] WebSocket connection to 'ws://localhost:1314/livereload' failed: Error in connection establishment: net::ERR_CONNECTION_REFUSED @ http://localhost:1314/livereload.js?mindelay=10&v=2&port=1314&path=livereload:1
[ 9752082ms] [ERROR] WebSocket connection to 'ws://localhost:1314/livereload' failed: Error in connection establishment: net::ERR_CONNECTION_REFUSED @ http://localhost:1314/livereload.js?mindelay=10&v=2&port=1314&path=livereload:1
[ 9812089ms] [ERROR] WebSocket connection to 'ws://localhost:1314/livereload' failed: Error in connection establishment: net::ERR_CONNECTION_REFUSED @ http://localhost:1314/livereload.js?mindelay=10&v=2&port=1314&path=livereload:1
[ 9872097ms] [ERROR] WebSocket connection to 'ws://localhost:1314/livereload' failed: Error in connection establishment: net::ERR_CONNECTION_REFUSED @ http://localhost:1314/livereload.js?mindelay=10&v=2&port=1314&path=livereload:1
[ 9932104ms] [ERROR] WebSocket connection to 'ws://localhost:1314/livereload' failed: Error in connection establishment: net::ERR_CONNECTION_REFUSED @ http://localhost:1314/livereload.js?mindelay=10&v=2&port=1314&path=livereload:1
[ 9992109ms] [ERROR] WebSocket connection to 'ws://localhost:1314/livereload' failed: Error in connection establishment: net::ERR_CONNECTION_REFUSED @ http://localhost:1314/livereload.js?mindelay=10&v=2&port=1314&path=livereload:1
[10052117ms] [ERROR] WebSocket connection to 'ws://localhost:1314/livereload' failed: Error in connection establishment: net::ERR_CONNECTION_REFUSED @ http://localhost:1314/livereload.js?mindelay=10&v=2&port=1314&path=livereload:1
[10112124ms] [ERROR] WebSocket connection to 'ws://localhost:1314/livereload' failed: Error in connection establishment: net::ERR_CONNECTION_REFUSED @ http://localhost:1314/livereload.js?mindelay=10&v=2&port=1314&path=livereload:1
[10172131ms] [ERROR] WebSocket connection to 'ws://localhost:1314/livereload' failed: Error in connection establishment: net::ERR_CONNECTION_REFUSED @ http://localhost:1314/livereload.js?mindelay=10&v=2&port=1314&path=livereload:1
[10232138ms] [ERROR] WebSocket connection to 'ws://localhost:1314/livereload' failed: Error in connection establishment: net::ERR_CONNECTION_REFUSED @ http://localhost:1314/livereload.js?mindelay=10&v=2&port=1314&path=livereload:1
[10292147ms] [ERROR] WebSocket connection to 'ws://localhost:1314/livereload' failed: Error in connection establishment: net::ERR_CONNECTION_REFUSED @ http://localhost:1314/livereload.js?mindelay=10&v=2&port=1314&path=livereload:1
[10352156ms] [ERROR] WebSocket connection to 'ws://localhost:1314/livereload' failed: Error in connection establishment: net::ERR_CONNECTION_REFUSED @ http://localhost:1314/livereload.js?mindelay=10&v=2&port=1314&path=livereload:1
[10412159ms] [ERROR] WebSocket connection to 'ws://localhost:1314/livereload' failed: Error in connection establishment: net::ERR_CONNECTION_REFUSED @ http://localhost:1314/livereload.js?mindelay=10&v=2&port=1314&path=livereload:1
[10472165ms] [ERROR] WebSocket connection to 'ws://localhost:1314/livereload' failed: Error in connection establishment: net::ERR_CONNECTION_REFUSED @ http://localhost:1314/livereload.js?mindelay=10&v=2&port=1314&path=livereload:1
[10532177ms] [ERROR] WebSocket connection to 'ws://localhost:1314/livereload' failed: Error in connection establishment: net::ERR_CONNECTION_REFUSED @ http://localhost:1314/livereload.js?mindelay=10&v=2&port=1314&path=livereload:1
[10592180ms] [ERROR] WebSocket connection to 'ws://localhost:1314/livereload' failed: Error in connection establishment: net::ERR_CONNECTION_REFUSED @ http://localhost:1314/livereload.js?mindelay=10&v=2&port=1314&path=livereload:1
[10652185ms] [ERROR] WebSocket connection to 'ws://localhost:1314/livereload' failed: Error in connection establishment: net::ERR_CONNECTION_REFUSED @ http://localhost:1314/livereload.js?mindelay=10&v=2&port=1314&path=livereload:1
[10712192ms] [ERROR] WebSocket connection to 'ws://localhost:1314/livereload' failed: Error in connection establishment: net::ERR_CONNECTION_REFUSED @ http://localhost:1314/livereload.js?mindelay=10&v=2&port=1314&path=livereload:1
[10772199ms] [ERROR] WebSocket connection to 'ws://localhost:1314/livereload' failed: Error in connection establishment: net::ERR_CONNECTION_REFUSED @ http://localhost:1314/livereload.js?mindelay=10&v=2&port=1314&path=livereload:1
[10832207ms] [ERROR] WebSocket connection to 'ws://localhost:1314/livereload' failed: Error in connection establishment: net::ERR_CONNECTION_REFUSED @ http://localhost:1314/livereload.js?mindelay=10&v=2&port=1314&path=livereload:1
[10892214ms] [ERROR] WebSocket connection to 'ws://localhost:1314/livereload' failed: Error in connection establishment: net::ERR_CONNECTION_REFUSED @ http://localhost:1314/livereload.js?mindelay=10&v=2&port=1314&path=livereload:1
[10952224ms] [ERROR] WebSocket connection to 'ws://localhost:1314/livereload' failed: Error in connection establishment: net::ERR_CONNECTION_REFUSED @ http://localhost:1314/livereload.js?mindelay=10&v=2&port=1314&path=livereload:1
[11012230ms] [ERROR] WebSocket connection to 'ws://localhost:1314/livereload' failed: Error in connection establishment: net::ERR_CONNECTION_REFUSED @ http://localhost:1314/livereload.js?mindelay=10&v=2&port=1314&path=livereload:1
[11072238ms] [ERROR] WebSocket connection to 'ws://localhost:1314/livereload' failed: Error in connection establishment: net::ERR_CONNECTION_REFUSED @ http://localhost:1314/livereload.js?mindelay=10&v=2&port=1314&path=livereload:1
[11132246ms] [ERROR] WebSocket connection to 'ws://localhost:1314/livereload' failed: Error in connection establishment: net::ERR_CONNECTION_REFUSED @ http://localhost:1314/livereload.js?mindelay=10&v=2&port=1314&path=livereload:1
[11192251ms] [ERROR] WebSocket connection to 'ws://localhost:1314/livereload' failed: Error in connection establishment: net::ERR_CONNECTION_REFUSED @ http://localhost:1314/livereload.js?mindelay=10&v=2&port=1314&path=livereload:1
[11252260ms] [ERROR] WebSocket connection to 'ws://localhost:1314/livereload' failed: Error in connection establishment: net::ERR_CONNECTION_REFUSED @ http://localhost:1314/livereload.js?mindelay=10&v=2&port=1314&path=livereload:1
[11312263ms] [ERROR] WebSocket connection to 'ws://localhost:1314/livereload' failed: Error in connection establishment: net::ERR_CONNECTION_REFUSED @ http://localhost:1314/livereload.js?mindelay=10&v=2&port=1314&path=livereload:1
[11372268ms] [ERROR] WebSocket connection to 'ws://localhost:1314/livereload' failed: Error in connection establishment: net::ERR_CONNECTION_REFUSED @ http://localhost:1314/livereload.js?mindelay=10&v=2&port=1314&path=livereload:1
[11432275ms] [ERROR] WebSocket connection to 'ws://localhost:1314/livereload' failed: Error in connection establishment: net::ERR_CONNECTION_REFUSED @ http://localhost:1314/livereload.js?mindelay=10&v=2&port=1314&path=livereload:1
[11492289ms] [ERROR] WebSocket connection to 'ws://localhost:1314/livereload' failed: Error in connection establishment: net::ERR_CONNECTION_REFUSED @ http://localhost:1314/livereload.js?mindelay=10&v=2&port=1314&path=livereload:1
[11552296ms] [ERROR] WebSocket connection to 'ws://localhost:1314/livereload' failed: Error in connection establishment: net::ERR_CONNECTION_REFUSED @ http://localhost:1314/livereload.js?mindelay=10&v=2&port=1314&path=livereload:1
[11612303ms] [ERROR] WebSocket connection to 'ws://localhost:1314/livereload' failed: Error in connection establishment: net::ERR_CONNECTION_REFUSED @ http://localhost:1314/livereload.js?mindelay=10&v=2&port=1314&path=livereload:1
[11672311ms] [ERROR] WebSocket connection to 'ws://localhost:1314/livereload' failed: Error in connection establishment: net::ERR_CONNECTION_REFUSED @ http://localhost:1314/livereload.js?mindelay=10&v=2&port=1314&path=livereload:1
[11732316ms] [ERROR] WebSocket connection to 'ws://localhost:1314/livereload' failed: Error in connection establishment: net::ERR_CONNECTION_REFUSED @ http://localhost:1314/livereload.js?mindelay=10&v=2&port=1314&path=livereload:1
[11792324ms] [ERROR] WebSocket connection to 'ws://localhost:1314/livereload' failed: Error in connection establishment: net::ERR_CONNECTION_REFUSED @ http://localhost:1314/livereload.js?mindelay=10&v=2&port=1314&path=livereload:1
[11852331ms] [ERROR] WebSocket connection to 'ws://localhost:1314/livereload' failed: Error in connection establishment: net::ERR_CONNECTION_REFUSED @ http://localhost:1314/livereload.js?mindelay=10&v=2&port=1314&path=livereload:1
[11912339ms] [ERROR] WebSocket connection to 'ws://localhost:1314/livereload' failed: Error in connection establishment: net::ERR_CONNECTION_REFUSED @ http://localhost:1314/livereload.js?mindelay=10&v=2&port=1314&path=livereload:1
[11972345ms] [ERROR] WebSocket connection to 'ws://localhost:1314/livereload' failed: Error in connection establishment: net::ERR_CONNECTION_REFUSED @ http://localhost:1314/livereload.js?mindelay=10&v=2&port=1314&path=livereload:1
[12032353ms] [ERROR] WebSocket connection to 'ws://localhost:1314/livereload' failed: Error in connection establishment: net::ERR_CONNECTION_REFUSED @ http://localhost:1314/livereload.js?mindelay=10&v=2&port=1314&path=livereload:1
[12092360ms] [ERROR] WebSocket connection to 'ws://localhost:1314/livereload' failed: Error in connection establishment: net::ERR_CONNECTION_REFUSED @ http://localhost:1314/livereload.js?mindelay=10&v=2&port=1314&path=livereload:1
[12152368ms] [ERROR] WebSocket connection to 'ws://localhost:1314/livereload' failed: Error in connection establishment: net::ERR_CONNECTION_REFUSED @ http://localhost:1314/livereload.js?mindelay=10&v=2&port=1314&path=livereload:1
[12212375ms] [ERROR] WebSocket connection to 'ws://localhost:1314/livereload' failed: Error in connection establishment: net::ERR_CONNECTION_REFUSED @ http://localhost:1314/livereload.js?mindelay=10&v=2&port=1314&path=livereload:1
[12272382ms] [ERROR] WebSocket connection to 'ws://localhost:1314/livereload' failed: Error in connection establishment: net::ERR_CONNECTION_REFUSED @ http://localhost:1314/livereload.js?mindelay=10&v=2&port=1314&path=livereload:1
[12332387ms] [ERROR] WebSocket connection to 'ws://localhost:1314/livereload' failed: Error in connection establishment: net::ERR_CONNECTION_REFUSED @ http://localhost:1314/livereload.js?mindelay=10&v=2&port=1314&path=livereload:1
[12392389ms] [ERROR] WebSocket connection to 'ws://localhost:1314/livereload' failed: Error in connection establishment: net::ERR_CONNECTION_REFUSED @ http://localhost:1314/livereload.js?mindelay=10&v=2&port=1314&path=livereload:1
[12452393ms] [ERROR] WebSocket connection to 'ws://localhost:1314/livereload' failed: Error in connection establishment: net::ERR_CONNECTION_REFUSED @ http://localhost:1314/livereload.js?mindelay=10&v=2&port=1314&path=livereload:1
[12512398ms] [ERROR] WebSocket connection to 'ws://localhost:1314/livereload' failed: Error in connection establishment: net::ERR_CONNECTION_REFUSED @ http://localhost:1314/livereload.js?mindelay=10&v=2&port=1314&path=livereload:1
[12572414ms] [ERROR] WebSocket connection to 'ws://localhost:1314/livereload' failed: Error in connection establishment: net::ERR_CONNECTION_REFUSED @ http://localhost:1314/livereload.js?mindelay=10&v=2&port=1314&path=livereload:1
[12632420ms] [ERROR] WebSocket connection to 'ws://localhost:1314/livereload' failed: Error in connection establishment: net::ERR_CONNECTION_REFUSED @ http://localhost:1314/livereload.js?mindelay=10&v=2&port=1314&path=livereload:1
[12692428ms] [ERROR] WebSocket connection to 'ws://localhost:1314/livereload' failed: Error in connection establishment: net::ERR_CONNECTION_REFUSED @ http://localhost:1314/livereload.js?mindelay=10&v=2&port=1314&path=livereload:1
[12752436ms] [ERROR] WebSocket connection to 'ws://localhost:1314/livereload' failed: Error in connection establishment: net::ERR_CONNECTION_REFUSED @ http://localhost:1314/livereload.js?mindelay=10&v=2&port=1314&path=livereload:1
[12812444ms] [ERROR] WebSocket connection to 'ws://localhost:1314/livereload' failed: Error in connection establishment: net::ERR_CONNECTION_REFUSED @ http://localhost:1314/livereload.js?mindelay=10&v=2&port=1314&path=livereload:1
[12872449ms] [ERROR] WebSocket connection to 'ws://localhost:1314/livereload' failed: Error in connection establishment: net::ERR_CONNECTION_REFUSED @ http://localhost:1314/livereload.js?mindelay=10&v=2&port=1314&path=livereload:1
[12932456ms] [ERROR] WebSocket connection to 'ws://localhost:1314/livereload' failed: Error in connection establishment: net::ERR_CONNECTION_REFUSED @ http://localhost:1314/livereload.js?mindelay=10&v=2&port=1314&path=livereload:1
[12992464ms] [ERROR] WebSocket connection to 'ws://localhost:1314/livereload' failed: Error in connection establishment: net::ERR_CONNECTION_REFUSED @ http://localhost:1314/livereload.js?mindelay=10&v=2&port=1314&path=livereload:1
[13052471ms] [ERROR] WebSocket connection to 'ws://localhost:1314/livereload' failed: Error in connection establishment: net::ERR_CONNECTION_REFUSED @ http://localhost:1314/livereload.js?mindelay=10&v=2&port=1314&path=livereload:1
[13112477ms] [ERROR] WebSocket connection to 'ws://localhost:1314/livereload' failed: Error in connection establishment: net::ERR_CONNECTION_REFUSED @ http://localhost:1314/livereload.js?mindelay=10&v=2&port=1314&path=livereload:1
[13172483ms] [ERROR] WebSocket connection to 'ws://localhost:1314/livereload' failed: Error in connection establishment: net::ERR_CONNECTION_REFUSED @ http://localhost:1314/livereload.js?mindelay=10&v=2&port=1314&path=livereload:1
[13232500ms] [ERROR] WebSocket connection to 'ws://localhost:1314/livereload' failed: Error in connection establishment: net::ERR_CONNECTION_REFUSED @ http://localhost:1314/livereload.js?mindelay=10&v=2&port=1314&path=livereload:1
[13292507ms] [ERROR] WebSocket connection to 'ws://localhost:1314/livereload' failed: Error in connection establishment: net::ERR_CONNECTION_REFUSED @ http://localhost:1314/livereload.js?mindelay=10&v=2&port=1314&path=livereload:1
[13352515ms] [ERROR] WebSocket connection to 'ws://localhost:1314/livereload' failed: Error in connection establishment: net::ERR_CONNECTION_REFUSED @ http://localhost:1314/livereload.js?mindelay=10&v=2&port=1314&path=livereload:1
[13412520ms] [ERROR] WebSocket connection to 'ws://localhost:1314/livereload' failed: Error in connection establishment: net::ERR_CONNECTION_REFUSED @ http://localhost:1314/livereload.js?mindelay=10&v=2&port=1314&path=livereload:1
[13472522ms] [ERROR] WebSocket connection to 'ws://localhost:1314/livereload' failed: Error in connection establishment: net::ERR_CONNECTION_REFUSED @ http://localhost:1314/livereload.js?mindelay=10&v=2&port=1314&path=livereload:1
[13532528ms] [ERROR] WebSocket connection to 'ws://localhost:1314/livereload' failed: Error in connection establishment: net::ERR_CONNECTION_REFUSED @ http://localhost:1314/livereload.js?mindelay=10&v=2&port=1314&path=livereload:1
[13592533ms] [ERROR] WebSocket connection to 'ws://localhost:1314/livereload' failed: Error in connection establishment: net::ERR_CONNECTION_REFUSED @ http://localhost:1314/livereload.js?mindelay=10&v=2&port=1314&path=livereload:1
[13652541ms] [ERROR] WebSocket connection to 'ws://localhost:1314/livereload' failed: Error in connection establishment: net::ERR_CONNECTION_REFUSED @ http://localhost:1314/livereload.js?mindelay=10&v=2&port=1314&path=livereload:1
[13712549ms] [ERROR] WebSocket connection to 'ws://localhost:1314/livereload' failed: Error in connection establishment: net::ERR_CONNECTION_REFUSED @ http://localhost:1314/livereload.js?mindelay=10&v=2&port=1314&path=livereload:1
[13772554ms] [ERROR] WebSocket connection to 'ws://localhost:1314/livereload' failed: Error in connection establishment: net::ERR_CONNECTION_REFUSED @ http://localhost:1314/livereload.js?mindelay=10&v=2&port=1314&path=livereload:1
[13832562ms] [ERROR] WebSocket connection to 'ws://localhost:1314/livereload' failed: Error in connection establishment: net::ERR_CONNECTION_REFUSED @ http://localhost:1314/livereload.js?mindelay=10&v=2&port=1314&path=livereload:1
[13892568ms] [ERROR] WebSocket connection to 'ws://localhost:1314/livereload' failed: Error in connection establishment: net::ERR_CONNECTION_REFUSED @ http://localhost:1314/livereload.js?mindelay=10&v=2&port=1314&path=livereload:1
[13952575ms] [ERROR] WebSocket connection to 'ws://localhost:1314/livereload' failed: Error in connection establishment: net::ERR_CONNECTION_REFUSED @ http://localhost:1314/livereload.js?mindelay=10&v=2&port=1314&path=livereload:1
[14012586ms] [ERROR] WebSocket connection to 'ws://localhost:1314/livereload' failed: Error in connection establishment: net::ERR_CONNECTION_REFUSED @ http://localhost:1314/livereload.js?mindelay=10&v=2&port=1314&path=livereload:1
[14072594ms] [ERROR] WebSocket connection to 'ws://localhost:1314/livereload' failed: Error in connection establishment: net::ERR_CONNECTION_REFUSED @ http://localhost:1314/livereload.js?mindelay=10&v=2&port=1314&path=livereload:1
[14132602ms] [ERROR] WebSocket connection to 'ws://localhost:1314/livereload' failed: Error in connection establishment: net::ERR_CONNECTION_REFUSED @ http://localhost:1314/livereload.js?mindelay=10&v=2&port=1314&path=livereload:1
[14192610ms] [ERROR] WebSocket connection to 'ws://localhost:1314/livereload' failed: Error in connection establishment: net::ERR_CONNECTION_REFUSED @ http://localhost:1314/livereload.js?mindelay=10&v=2&port=1314&path=livereload:1
[14252618ms] [ERROR] WebSocket connection to 'ws://localhost:1314/livereload' failed: Error in connection establishment: net::ERR_CONNECTION_REFUSED @ http://localhost:1314/livereload.js?mindelay=10&v=2&port=1314&path=livereload:1
[14312624ms] [ERROR] WebSocket connection to 'ws://localhost:1314/livereload' failed: Error in connection establishment: net::ERR_CONNECTION_REFUSED @ http://localhost:1314/livereload.js?mindelay=10&v=2&port=1314&path=livereload:1
[14372633ms] [ERROR] WebSocket connection to 'ws://localhost:1314/livereload' failed: Error in connection establishment: net::ERR_CONNECTION_REFUSED @ http://localhost:1314/livereload.js?mindelay=10&v=2&port=1314&path=livereload:1
[14432640ms] [ERROR] WebSocket connection to 'ws://localhost:1314/livereload' failed: Error in connection establishment: net::ERR_CONNECTION_REFUSED @ http://localhost:1314/livereload.js?mindelay=10&v=2&port=1314&path=livereload:1
[14492638ms] [ERROR] WebSocket connection to 'ws://localhost:1314/livereload' failed: Error in connection establishment: net::ERR_CONNECTION_REFUSED @ http://localhost:1314/livereload.js?mindelay=10&v=2&port=1314&path=livereload:1
[14552643ms] [ERROR] WebSocket connection to 'ws://localhost:1314/livereload' failed: Error in connection establishment: net::ERR_CONNECTION_REFUSED @ http://localhost:1314/livereload.js?mindelay=10&v=2&port=1314&path=livereload:1
[14612652ms] [ERROR] WebSocket connection to 'ws://localhost:1314/livereload' failed: Error in connection establishment: net::ERR_CONNECTION_REFUSED @ http://localhost:1314/livereload.js?mindelay=10&v=2&port=1314&path=livereload:1
[14672661ms] [ERROR] WebSocket connection to 'ws://localhost:1314/livereload' failed: Error in connection establishment: net::ERR_CONNECTION_REFUSED @ http://localhost:1314/livereload.js?mindelay=10&v=2&port=1314&path=livereload:1
[14732669ms] [ERROR] WebSocket connection to 'ws://localhost:1314/livereload' failed: Error in connection establishment: net::ERR_CONNECTION_REFUSED @ http://localhost:1314/livereload.js?mindelay=10&v=2&port=1314&path=livereload:1
[14792675ms] [ERROR] WebSocket connection to 'ws://localhost:1314/livereload' failed: Error in connection establishment: net::ERR_CONNECTION_REFUSED @ http://localhost:1314/livereload.js?mindelay=10&v=2&port=1314&path=livereload:1
[14852679ms] [ERROR] WebSocket connection to 'ws://localhost:1314/livereload' failed: Error in connection establishment: net::ERR_CONNECTION_REFUSED @ http://localhost:1314/livereload.js?mindelay=10&v=2&port=1314&path=livereload:1
[14912686ms] [ERROR] WebSocket connection to 'ws://localhost:1314/livereload' failed: Error in connection establishment: net::ERR_CONNECTION_REFUSED @ http://localhost:1314/livereload.js?mindelay=10&v=2&port=1314&path=livereload:1
[14972692ms] [ERROR] WebSocket connection to 'ws://localhost:1314/livereload' failed: Error in connection establishment: net::ERR_CONNECTION_REFUSED @ http://localhost:1314/livereload.js?mindelay=10&v=2&port=1314&path=livereload:1
[15032703ms] [ERROR] WebSocket connection to 'ws://localhost:1314/livereload' failed: Error in connection establishment: net::ERR_CONNECTION_REFUSED @ http://localhost:1314/livereload.js?mindelay=10&v=2&port=1314&path=livereload:1
[15092709ms] [ERROR] WebSocket connection to 'ws://localhost:1314/livereload' failed: Error in connection establishment: net::ERR_CONNECTION_REFUSED @ http://localhost:1314/livereload.js?mindelay=10&v=2&port=1314&path=livereload:1
[15152718ms] [ERROR] WebSocket connection to 'ws://localhost:1314/livereload' failed: Error in connection establishment: net::ERR_CONNECTION_REFUSED @ http://localhost:1314/livereload.js?mindelay=10&v=2&port=1314&path=livereload:1
[15212726ms] [ERROR] WebSocket connection to 'ws://localhost:1314/livereload' failed: Error in connection establishment: net::ERR_CONNECTION_REFUSED @ http://localhost:1314/livereload.js?mindelay=10&v=2&port=1314&path=livereload:1
[15272734ms] [ERROR] WebSocket connection to 'ws://localhost:1314/livereload' failed: Error in connection establishment: net::ERR_CONNECTION_REFUSED @ http://localhost:1314/livereload.js?mindelay=10&v=2&port=1314&path=livereload:1
[15332740ms] [ERROR] WebSocket connection to 'ws://localhost:1314/livereload' failed: Error in connection establishment: net::ERR_CONNECTION_REFUSED @ http://localhost:1314/livereload.js?mindelay=10&v=2&port=1314&path=livereload:1
[15392746ms] [ERROR] WebSocket connection to 'ws://localhost:1314/livereload' failed: Error in connection establishment: net::ERR_CONNECTION_REFUSED @ http://localhost:1314/livereload.js?mindelay=10&v=2&port=1314&path=livereload:1
[15452754ms] [ERROR] WebSocket connection to 'ws://localhost:1314/livereload' failed: Error in connection establishment: net::ERR_CONNECTION_REFUSED @ http://localhost:1314/livereload.js?mindelay=10&v=2&port=1314&path=livereload:1
[15512762ms] [ERROR] WebSocket connection to 'ws://localhost:1314/livereload' failed: Error in connection establishment: net::ERR_CONNECTION_REFUSED @ http://localhost:1314/livereload.js?mindelay=10&v=2&port=1314&path=livereload:1
[15572738ms] [ERROR] WebSocket connection to 'ws://localhost:1314/livereload' failed: Error in connection establishment: net::ERR_CONNECTION_REFUSED @ http://localhost:1314/livereload.js?mindelay=10&v=2&port=1314&path=livereload:1
[15632745ms] [ERROR] WebSocket connection to 'ws://localhost:1314/livereload' failed: Error in connection establishment: net::ERR_CONNECTION_REFUSED @ http://localhost:1314/livereload.js?mindelay=10&v=2&port=1314&path=livereload:1
[15692752ms] [ERROR] WebSocket connection to 'ws://localhost:1314/livereload' failed: Error in connection establishment: net::ERR_CONNECTION_REFUSED @ http://localhost:1314/livereload.js?mindelay=10&v=2&port=1314&path=livereload:1
[15752761ms] [ERROR] WebSocket connection to 'ws://localhost:1314/livereload' failed: Error in connection establishment: net::ERR_CONNECTION_REFUSED @ http://localhost:1314/livereload.js?mindelay=10&v=2&port=1314&path=livereload:1
[15812769ms] [ERROR] WebSocket connection to 'ws://localhost:1314/livereload' failed: Error in connection establishment: net::ERR_CONNECTION_REFUSED @ http://localhost:1314/livereload.js?mindelay=10&v=2&port=1314&path=livereload:1
[15872776ms] [ERROR] WebSocket connection to 'ws://localhost:1314/livereload' failed: Error in connection establishment: net::ERR_CONNECTION_REFUSED @ http://localhost:1314/livereload.js?mindelay=10&v=2&port=1314&path=livereload:1
[15932783ms] [ERROR] WebSocket connection to 'ws://localhost:1314/livereload' failed: Error in connection establishment: net::ERR_CONNECTION_REFUSED @ http://localhost:1314/livereload.js?mindelay=10&v=2&port=1314&path=livereload:1
[15992788ms] [ERROR] WebSocket connection to 'ws://localhost:1314/livereload' failed: Error in connection establishment: net::ERR_CONNECTION_REFUSED @ http://localhost:1314/livereload.js?mindelay=10&v=2&port=1314&path=livereload:1
[16052793ms] [ERROR] WebSocket connection to 'ws://localhost:1314/livereload' failed: Error in connection establishment: net::ERR_CONNECTION_REFUSED @ http://localhost:1314/livereload.js?mindelay=10&v=2&port=1314&path=livereload:1
[16112799ms] [ERROR] WebSocket connection to 'ws://localhost:1314/livereload' failed: Error in connection establishment: net::ERR_CONNECTION_REFUSED @ http://localhost:1314/livereload.js?mindelay=10&v=2&port=1314&path=livereload:1
[16172806ms] [ERROR] WebSocket connection to 'ws://localhost:1314/livereload' failed: Error in connection establishment: net::ERR_CONNECTION_REFUSED @ http://localhost:1314/livereload.js?mindelay=10&v=2&port=1314&path=livereload:1
[16232813ms] [ERROR] WebSocket connection to 'ws://localhost:1314/livereload' failed: Error in connection establishment: net::ERR_CONNECTION_REFUSED @ http://localhost:1314/livereload.js?mindelay=10&v=2&port=1314&path=livereload:1
[16292826ms] [ERROR] WebSocket connection to 'ws://localhost:1314/livereload' failed: Error in connection establishment: net::ERR_CONNECTION_REFUSED @ http://localhost:1314/livereload.js?mindelay=10&v=2&port=1314&path=livereload:1
[16352834ms] [ERROR] WebSocket connection to 'ws://localhost:1314/livereload' failed: Error in connection establishment: net::ERR_CONNECTION_REFUSED @ http://localhost:1314/livereload.js?mindelay=10&v=2&port=1314&path=livereload:1
[16412842ms] [ERROR] WebSocket connection to 'ws://localhost:1314/livereload' failed: Error in connection establishment: net::ERR_CONNECTION_REFUSED @ http://localhost:1314/livereload.js?mindelay=10&v=2&port=1314&path=livereload:1
[16472847ms] [ERROR] WebSocket connection to 'ws://localhost:1314/livereload' failed: Error in connection establishment: net::ERR_CONNECTION_REFUSED @ http://localhost:1314/livereload.js?mindelay=10&v=2&port=1314&path=livereload:1
[16532855ms] [ERROR] WebSocket connection to 'ws://localhost:1314/livereload' failed: Error in connection establishment: net::ERR_CONNECTION_REFUSED @ http://localhost:1314/livereload.js?mindelay=10&v=2&port=1314&path=livereload:1
[16592866ms] [ERROR] WebSocket connection to 'ws://localhost:1314/livereload' failed: Error in connection establishment: net::ERR_CONNECTION_REFUSED @ http://localhost:1314/livereload.js?mindelay=10&v=2&port=1314&path=livereload:1
[16652875ms] [ERROR] WebSocket connection to 'ws://localhost:1314/livereload' failed: Error in connection establishment: net::ERR_CONNECTION_REFUSED @ http://localhost:1314/livereload.js?mindelay=10&v=2&port=1314&path=livereload:1
[16712882ms] [ERROR] WebSocket connection to 'ws://localhost:1314/livereload' failed: Error in connection establishment: net::ERR_CONNECTION_REFUSED @ http://localhost:1314/livereload.js?mindelay=10&v=2&port=1314&path=livereload:1
[16772886ms] [ERROR] WebSocket connection to 'ws://localhost:1314/livereload' failed: Error in connection establishment: net::ERR_CONNECTION_REFUSED @ http://localhost:1314/livereload.js?mindelay=10&v=2&port=1314&path=livereload:1
[16832894ms] [ERROR] WebSocket connection to 'ws://localhost:1314/livereload' failed: Error in connection establishment: net::ERR_CONNECTION_REFUSED @ http://localhost:1314/livereload.js?mindelay=10&v=2&port=1314&path=livereload:1
[16892899ms] [ERROR] WebSocket connection to 'ws://localhost:1314/livereload' failed: Error in connection establishment: net::ERR_CONNECTION_REFUSED @ http://localhost:1314/livereload.js?mindelay=10&v=2&port=1314&path=livereload:1
[16952904ms] [ERROR] WebSocket connection to 'ws://localhost:1314/livereload' failed: Error in connection establishment: net::ERR_CONNECTION_REFUSED @ http://localhost:1314/livereload.js?mindelay=10&v=2&port=1314&path=livereload:1
[17012909ms] [ERROR] WebSocket connection to 'ws://localhost:1314/livereload' failed: Error in connection establishment: net::ERR_CONNECTION_REFUSED @ http://localhost:1314/livereload.js?mindelay=10&v=2&port=1314&path=livereload:1
[17072916ms] [ERROR] WebSocket connection to 'ws://localhost:1314/livereload' failed: Error in connection establishment: net::ERR_CONNECTION_REFUSED @ http://localhost:1314/livereload.js?mindelay=10&v=2&port=1314&path=livereload:1
[17132923ms] [ERROR] WebSocket connection to 'ws://localhost:1314/livereload' failed: Error in connection establishment: net::ERR_CONNECTION_REFUSED @ http://localhost:1314/livereload.js?mindelay=10&v=2&port=1314&path=livereload:1
[17192929ms] [ERROR] WebSocket connection to 'ws://localhost:1314/livereload' failed: Error in connection establishment: net::ERR_CONNECTION_REFUSED @ http://localhost:1314/livereload.js?mindelay=10&v=2&port=1314&path=livereload:1
[17252936ms] [ERROR] WebSocket connection to 'ws://localhost:1314/livereload' failed: Error in connection establishment: net::ERR_CONNECTION_REFUSED @ http://localhost:1314/livereload.js?mindelay=10&v=2&port=1314&path=livereload:1
[17312942ms] [ERROR] WebSocket connection to 'ws://localhost:1314/livereload' failed: Error in connection establishment: net::ERR_CONNECTION_REFUSED @ http://localhost:1314/livereload.js?mindelay=10&v=2&port=1314&path=livereload:1
[17372949ms] [ERROR] WebSocket connection to 'ws://localhost:1314/livereload' failed: Error in connection establishment: net::ERR_CONNECTION_REFUSED @ http://localhost:1314/livereload.js?mindelay=10&v=2&port=1314&path=livereload:1
[17432955ms] [ERROR] WebSocket connection to 'ws://localhost:1314/livereload' failed: Error in connection establishment: net::ERR_CONNECTION_REFUSED @ http://localhost:1314/livereload.js?mindelay=10&v=2&port=1314&path=livereload:1
[17492961ms] [ERROR] WebSocket connection to 'ws://localhost:1314/livereload' failed: Error in connection establishment: net::ERR_CONNECTION_REFUSED @ http://localhost:1314/livereload.js?mindelay=10&v=2&port=1314&path=livereload:1
[17552967ms] [ERROR] WebSocket connection to 'ws://localhost:1314/livereload' failed: Error in connection establishment: net::ERR_CONNECTION_REFUSED @ http://localhost:1314/livereload.js?mindelay=10&v=2&port=1314&path=livereload:1
[17612974ms] [ERROR] WebSocket connection to 'ws://localhost:1314/livereload' failed: Error in connection establishment: net::ERR_CONNECTION_REFUSED @ http://localhost:1314/livereload.js?mindelay=10&v=2&port=1314&path=livereload:1
[17672964ms] [ERROR] WebSocket connection to 'ws://localhost:1314/livereload' failed: Error in connection establishment: net::ERR_CONNECTION_REFUSED @ http://localhost:1314/livereload.js?mindelay=10&v=2&port=1314&path=livereload:1
[17732968ms] [ERROR] WebSocket connection to 'ws://localhost:1314/livereload' failed: Error in connection establishment: net::ERR_CONNECTION_REFUSED @ http://localhost:1314/livereload.js?mindelay=10&v=2&port=1314&path=livereload:1
[17792973ms] [ERROR] WebSocket connection to 'ws://localhost:1314/livereload' failed: Error in connection establishment: net::ERR_CONNECTION_REFUSED @ http://localhost:1314/livereload.js?mindelay=10&v=2&port=1314&path=livereload:1
[17852979ms] [ERROR] WebSocket connection to 'ws://localhost:1314/livereload' failed: Error in connection establishment: net::ERR_CONNECTION_REFUSED @ http://localhost:1314/livereload.js?mindelay=10&v=2&port=1314&path=livereload:1
[17912985ms] [ERROR] WebSocket connection to 'ws://localhost:1314/livereload' failed: Error in connection establishment: net::ERR_CONNECTION_REFUSED @ http://localhost:1314/livereload.js?mindelay=10&v=2&port=1314&path=livereload:1
[17972989ms] [ERROR] WebSocket connection to 'ws://localhost:1314/livereload' failed: Error in connection establishment: net::ERR_CONNECTION_REFUSED @ http://localhost:1314/livereload.js?mindelay=10&v=2&port=1314&path=livereload:1
[18032998ms] [ERROR] WebSocket connection to 'ws://localhost:1314/livereload' failed: Error in connection establishment: net::ERR_CONNECTION_REFUSED @ http://localhost:1314/livereload.js?mindelay=10&v=2&port=1314&path=livereload:1
[18093004ms] [ERROR] WebSocket connection to 'ws://localhost:1314/livereload' failed: Error in connection establishment: net::ERR_CONNECTION_REFUSED @ http://localhost:1314/livereload.js?mindelay=10&v=2&port=1314&path=livereload:1
[18153008ms] [ERROR] WebSocket connection to 'ws://localhost:1314/livereload' failed: Error in connection establishment: net::ERR_CONNECTION_REFUSED @ http://localhost:1314/livereload.js?mindelay=10&v=2&port=1314&path=livereload:1
[18213014ms] [ERROR] WebSocket connection to 'ws://localhost:1314/livereload' failed: Error in connection establishment: net::ERR_CONNECTION_REFUSED @ http://localhost:1314/livereload.js?mindelay=10&v=2&port=1314&path=livereload:1
[18273021ms] [ERROR] WebSocket connection to 'ws://localhost:1314/livereload' failed: Error in connection establishment: net::ERR_CONNECTION_REFUSED @ http://localhost:1314/livereload.js?mindelay=10&v=2&port=1314&path=livereload:1
[18333026ms] [ERROR] WebSocket connection to 'ws://localhost:1314/livereload' failed: Error in connection establishment: net::ERR_CONNECTION_REFUSED @ http://localhost:1314/livereload.js?mindelay=10&v=2&port=1314&path=livereload:1
[18393031ms] [ERROR] WebSocket connection to 'ws://localhost:1314/livereload' failed: Error in connection establishment: net::ERR_CONNECTION_REFUSED @ http://localhost:1314/livereload.js?mindelay=10&v=2&port=1314&path=livereload:1
[18453036ms] [ERROR] WebSocket connection to 'ws://localhost:1314/livereload' failed: Error in connection establishment: net::ERR_CONNECTION_REFUSED @ http://localhost:1314/livereload.js?mindelay=10&v=2&port=1314&path=livereload:1
[18513039ms] [ERROR] WebSocket connection to 'ws://localhost:1314/livereload' failed: Error in connection establishment: net::ERR_CONNECTION_REFUSED @ http://localhost:1314/livereload.js?mindelay=10&v=2&port=1314&path=livereload:1
[18573045ms] [ERROR] WebSocket connection to 'ws://localhost:1314/livereload' failed: Error in connection establishment: net::ERR_CONNECTION_REFUSED @ http://localhost:1314/livereload.js?mindelay=10&v=2&port=1314&path=livereload:1
[18633053ms] [ERROR] WebSocket connection to 'ws://localhost:1314/livereload' failed: Error in connection establishment: net::ERR_CONNECTION_REFUSED @ http://localhost:1314/livereload.js?mindelay=10&v=2&port=1314&path=livereload:1
[18693058ms] [ERROR] WebSocket connection to 'ws://localhost:1314/livereload' failed: Error in connection establishment: net::ERR_CONNECTION_REFUSED @ http://localhost:1314/livereload.js?mindelay=10&v=2&port=1314&path=livereload:1
[18753051ms] [ERROR] WebSocket connection to 'ws://localhost:1314/livereload' failed: Error in connection establishment: net::ERR_CONNECTION_REFUSED @ http://localhost:1314/livereload.js?mindelay=10&v=2&port=1314&path=livereload:1
[18813057ms] [ERROR] WebSocket connection to 'ws://localhost:1314/livereload' failed: Error in connection establishment: net::ERR_CONNECTION_REFUSED @ http://localhost:1314/livereload.js?mindelay=10&v=2&port=1314&path=livereload:1
[18873061ms] [ERROR] WebSocket connection to 'ws://localhost:1314/livereload' failed: Error in connection establishment: net::ERR_CONNECTION_REFUSED @ http://localhost:1314/livereload.js?mindelay=10&v=2&port=1314&path=livereload:1
[18933064ms] [ERROR] WebSocket connection to 'ws://localhost:1314/livereload' failed: Error in connection establishment: net::ERR_CONNECTION_REFUSED @ http://localhost:1314/livereload.js?mindelay=10&v=2&port=1314&path=livereload:1
[18993071ms] [ERROR] WebSocket connection to 'ws://localhost:1314/livereload' failed: Error in connection establishment: net::ERR_CONNECTION_REFUSED @ http://localhost:1314/livereload.js?mindelay=10&v=2&port=1314&path=livereload:1
[19053077ms] [ERROR] WebSocket connection to 'ws://localhost:1314/livereload' failed: Error in connection establishment: net::ERR_CONNECTION_REFUSED @ http://localhost:1314/livereload.js?mindelay=10&v=2&port=1314&path=livereload:1
[19113084ms] [ERROR] WebSocket connection to 'ws://localhost:1314/livereload' failed: Error in connection establishment: net::ERR_CONNECTION_REFUSED @ http://localhost:1314/livereload.js?mindelay=10&v=2&port=1314&path=livereload:1
[19173089ms] [ERROR] WebSocket connection to 'ws://localhost:1314/livereload' failed: Error in connection establishment: net::ERR_CONNECTION_REFUSED @ http://localhost:1314/livereload.js?mindelay=10&v=2&port=1314&path=livereload:1
[19233097ms] [ERROR] WebSocket connection to 'ws://localhost:1314/livereload' failed: Error in connection establishment: net::ERR_CONNECTION_REFUSED @ http://localhost:1314/livereload.js?mindelay=10&v=2&port=1314&path=livereload:1
[19293104ms] [ERROR] WebSocket connection to 'ws://localhost:1314/livereload' failed: Error in connection establishment: net::ERR_CONNECTION_REFUSED @ http://localhost:1314/livereload.js?mindelay=10&v=2&port=1314&path=livereload:1
[19353108ms] [ERROR] WebSocket connection to 'ws://localhost:1314/livereload' failed: Error in connection establishment: net::ERR_CONNECTION_REFUSED @ http://localhost:1314/livereload.js?mindelay=10&v=2&port=1314&path=livereload:1
[19413113ms] [ERROR] WebSocket connection to 'ws://localhost:1314/livereload' failed: Error in connection establishment: net::ERR_CONNECTION_REFUSED @ http://localhost:1314/livereload.js?mindelay=10&v=2&port=1314&path=livereload:1
[19473119ms] [ERROR] WebSocket connection to 'ws://localhost:1314/livereload' failed: Error in connection establishment: net::ERR_CONNECTION_REFUSED @ http://localhost:1314/livereload.js?mindelay=10&v=2&port=1314&path=livereload:1
[19533125ms] [ERROR] WebSocket connection to 'ws://localhost:1314/livereload' failed: Error in connection establishment: net::ERR_CONNECTION_REFUSED @ http://localhost:1314/livereload.js?mindelay=10&v=2&port=1314&path=livereload:1
[19593136ms] [ERROR] WebSocket connection to 'ws://localhost:1314/livereload' failed: Error in connection establishment: net::ERR_CONNECTION_REFUSED @ http://localhost:1314/livereload.js?mindelay=10&v=2&port=1314&path=livereload:1
[19653140ms] [ERROR] WebSocket connection to 'ws://localhost:1314/livereload' failed: Error in connection establishment: net::ERR_CONNECTION_REFUSED @ http://localhost:1314/livereload.js?mindelay=10&v=2&port=1314&path=livereload:1
[19713147ms] [ERROR] WebSocket connection to 'ws://localhost:1314/livereload' failed: Error in connection establishment: net::ERR_CONNECTION_REFUSED @ http://localhost:1314/livereload.js?mindelay=10&v=2&port=1314&path=livereload:1
[19773153ms] [ERROR] WebSocket connection to 'ws://localhost:1314/livereload' failed: Error in connection establishment: net::ERR_CONNECTION_REFUSED @ http://localhost:1314/livereload.js?mindelay=10&v=2&port=1314&path=livereload:1
[19833180ms] [ERROR] WebSocket connection to 'ws://localhost:1314/livereload' failed: Error in connection establishment: net::ERR_CONNECTION_REFUSED @ http://localhost:1314/livereload.js?mindelay=10&v=2&port=1314&path=livereload:1
[19893190ms] [ERROR] WebSocket connection to 'ws://localhost:1314/livereload' failed: Error in connection establishment: net::ERR_CONNECTION_REFUSED @ http://localhost:1314/livereload.js?mindelay=10&v=2&port=1314&path=livereload:1
[19953198ms] [ERROR] WebSocket connection to 'ws://localhost:1314/livereload' failed: Error in connection establishment: net::ERR_CONNECTION_REFUSED @ http://localhost:1314/livereload.js?mindelay=10&v=2&port=1314&path=livereload:1
[20013205ms] [ERROR] WebSocket connection to 'ws://localhost:1314/livereload' failed: Error in connection establishment: net::ERR_CONNECTION_REFUSED @ http://localhost:1314/livereload.js?mindelay=10&v=2&port=1314&path=livereload:1
[20073211ms] [ERROR] WebSocket connection to 'ws://localhost:1314/livereload' failed: Error in connection establishment: net::ERR_CONNECTION_REFUSED @ http://localhost:1314/livereload.js?mindelay=10&v=2&port=1314&path=livereload:1
[20133218ms] [ERROR] WebSocket connection to 'ws://localhost:1314/livereload' failed: Error in connection establishment: net::ERR_CONNECTION_REFUSED @ http://localhost:1314/livereload.js?mindelay=10&v=2&port=1314&path=livereload:1
[20193222ms] [ERROR] WebSocket connection to 'ws://localhost:1314/livereload' failed: Error in connection establishment: net::ERR_CONNECTION_REFUSED @ http://localhost:1314/livereload.js?mindelay=10&v=2&port=1314&path=livereload:1
[20253227ms] [ERROR] WebSocket connection to 'ws://localhost:1314/livereload' failed: Error in connection establishment: net::ERR_CONNECTION_REFUSED @ http://localhost:1314/livereload.js?mindelay=10&v=2&port=1314&path=livereload:1
[20313238ms] [ERROR] WebSocket connection to 'ws://localhost:1314/livereload' failed: Error in connection establishment: net::ERR_CONNECTION_REFUSED @ http://localhost:1314/livereload.js?mindelay=10&v=2&port=1314&path=livereload:1
[20373245ms] [ERROR] WebSocket connection to 'ws://localhost:1314/livereload' failed: Error in connection establishment: net::ERR_CONNECTION_REFUSED @ http://localhost:1314/livereload.js?mindelay=10&v=2&port=1314&path=livereload:1
[20433252ms] [ERROR] WebSocket connection to 'ws://localhost:1314/livereload' failed: Error in connection establishment: net::ERR_CONNECTION_REFUSED @ http://localhost:1314/livereload.js?mindelay=10&v=2&port=1314&path=livereload:1
[20493260ms] [ERROR] WebSocket connection to 'ws://localhost:1314/livereload' failed: Error in connection establishment: net::ERR_CONNECTION_REFUSED @ http://localhost:1314/livereload.js?mindelay=10&v=2&port=1314&path=livereload:1
[20553266ms] [ERROR] WebSocket connection to 'ws://localhost:1314/livereload' failed: Error in connection establishment: net::ERR_CONNECTION_REFUSED @ http://localhost:1314/livereload.js?mindelay=10&v=2&port=1314&path=livereload:1
[20613271ms] [ERROR] WebSocket connection to 'ws://localhost:1314/livereload' failed: Error in connection establishment: net::ERR_CONNECTION_REFUSED @ http://localhost:1314/livereload.js?mindelay=10&v=2&port=1314&path=livereload:1
[20673277ms] [ERROR] WebSocket connection to 'ws://localhost:1314/livereload' failed: Error in connection establishment: net::ERR_CONNECTION_REFUSED @ http://localhost:1314/livereload.js?mindelay=10&v=2&port=1314&path=livereload:1
[20733283ms] [ERROR] WebSocket connection to 'ws://localhost:1314/livereload' failed: Error in connection establishment: net::ERR_CONNECTION_REFUSED @ http://localhost:1314/livereload.js?mindelay=10&v=2&port=1314&path=livereload:1
[20793288ms] [ERROR] WebSocket connection to 'ws://localhost:1314/livereload' failed: Error in connection establishment: net::ERR_CONNECTION_REFUSED @ http://localhost:1314/livereload.js?mindelay=10&v=2&port=1314&path=livereload:1
[20853294ms] [ERROR] WebSocket connection to 'ws://localhost:1314/livereload' failed: Error in connection establishment: net::ERR_CONNECTION_REFUSED @ http://localhost:1314/livereload.js?mindelay=10&v=2&port=1314&path=livereload:1
[20913269ms] [ERROR] WebSocket connection to 'ws://localhost:1314/livereload' failed: Error in connection establishment: net::ERR_CONNECTION_REFUSED @ http://localhost:1314/livereload.js?mindelay=10&v=2&port=1314&path=livereload:1
[20973273ms] [ERROR] WebSocket connection to 'ws://localhost:1314/livereload' failed: Error in connection establishment: net::ERR_CONNECTION_REFUSED @ http://localhost:1314/livereload.js?mindelay=10&v=2&port=1314&path=livereload:1
[21033277ms] [ERROR] WebSocket connection to 'ws://localhost:1314/livereload' failed: Error in connection establishment: net::ERR_CONNECTION_REFUSED @ http://localhost:1314/livereload.js?mindelay=10&v=2&port=1314&path=livereload:1
[21093285ms] [ERROR] WebSocket connection to 'ws://localhost:1314/livereload' failed: Error in connection establishment: net::ERR_CONNECTION_REFUSED @ http://localhost:1314/livereload.js?mindelay=10&v=2&port=1314&path=livereload:1
[21153293ms] [ERROR] WebSocket connection to 'ws://localhost:1314/livereload' failed: Error in connection establishment: net::ERR_CONNECTION_REFUSED @ http://localhost:1314/livereload.js?mindelay=10&v=2&port=1314&path=livereload:1
[21213296ms] [ERROR] WebSocket connection to 'ws://localhost:1314/livereload' failed: Error in connection establishment: net::ERR_CONNECTION_REFUSED @ http://localhost:1314/livereload.js?mindelay=10&v=2&port=1314&path=livereload:1
[21273301ms] [ERROR] WebSocket connection to 'ws://localhost:1314/livereload' failed: Error in connection establishment: net::ERR_CONNECTION_REFUSED @ http://localhost:1314/livereload.js?mindelay=10&v=2&port=1314&path=livereload:1
[21333307ms] [ERROR] WebSocket connection to 'ws://localhost:1314/livereload' failed: Error in connection establishment: net::ERR_CONNECTION_REFUSED @ http://localhost:1314/livereload.js?mindelay=10&v=2&port=1314&path=livereload:1
[21393314ms] [ERROR] WebSocket connection to 'ws://localhost:1314/livereload' failed: Error in connection establishment: net::ERR_CONNECTION_REFUSED @ http://localhost:1314/livereload.js?mindelay=10&v=2&port=1314&path=livereload:1
[21453320ms] [ERROR] WebSocket connection to 'ws://localhost:1314/livereload' failed: Error in connection establishment: net::ERR_CONNECTION_REFUSED @ http://localhost:1314/livereload.js?mindelay=10&v=2&port=1314&path=livereload:1
[21513326ms] [ERROR] WebSocket connection to 'ws://localhost:1314/livereload' failed: Error in connection establishment: net::ERR_CONNECTION_REFUSED @ http://localhost:1314/livereload.js?mindelay=10&v=2&port=1314&path=livereload:1
[21573331ms] [ERROR] WebSocket connection to 'ws://localhost:1314/livereload' failed: Error in connection establishment: net::ERR_CONNECTION_REFUSED @ http://localhost:1314/livereload.js?mindelay=10&v=2&port=1314&path=livereload:1
[21633340ms] [ERROR] WebSocket connection to 'ws://localhost:1314/livereload' failed: Error in connection establishment: net::ERR_CONNECTION_REFUSED @ http://localhost:1314/livereload.js?mindelay=10&v=2&port=1314&path=livereload:1
[21693346ms] [ERROR] WebSocket connection to 'ws://localhost:1314/livereload' failed: Error in connection establishment: net::ERR_CONNECTION_REFUSED @ http://localhost:1314/livereload.js?mindelay=10&v=2&port=1314&path=livereload:1
[21753351ms] [ERROR] WebSocket connection to 'ws://localhost:1314/livereload' failed: Error in connection establishment: net::ERR_CONNECTION_REFUSED @ http://localhost:1314/livereload.js?mindelay=10&v=2&port=1314&path=livereload:1
[21813358ms] [ERROR] WebSocket connection to 'ws://localhost:1314/livereload' failed: Error in connection establishment: net::ERR_CONNECTION_REFUSED @ http://localhost:1314/livereload.js?mindelay=10&v=2&port=1314&path=livereload:1
[21873366ms] [ERROR] WebSocket connection to 'ws://localhost:1314/livereload' failed: Error in connection establishment: net::ERR_CONNECTION_REFUSED @ http://localhost:1314/livereload.js?mindelay=10&v=2&port=1314&path=livereload:1
[21933370ms] [ERROR] WebSocket connection to 'ws://localhost:1314/livereload' failed: Error in connection establishment: net::ERR_CONNECTION_REFUSED @ http://localhost:1314/livereload.js?mindelay=10&v=2&port=1314&path=livereload:1
[21993406ms] [ERROR] WebSocket connection to 'ws://localhost:1314/livereload' failed: Error in connection establishment: net::ERR_CONNECTION_REFUSED @ http://localhost:1314/livereload.js?mindelay=10&v=2&port=1314&path=livereload:1
[22053415ms] [ERROR] WebSocket connection to 'ws://localhost:1314/livereload' failed: Error in connection establishment: net::ERR_CONNECTION_REFUSED @ http://localhost:1314/livereload.js?mindelay=10&v=2&port=1314&path=livereload:1
[22113422ms] [ERROR] WebSocket connection to 'ws://localhost:1314/livereload' failed: Error in connection establishment: net::ERR_CONNECTION_REFUSED @ http://localhost:1314/livereload.js?mindelay=10&v=2&port=1314&path=livereload:1
[22173432ms] [ERROR] WebSocket connection to 'ws://localhost:1314/livereload' failed: Error in connection establishment: net::ERR_CONNECTION_REFUSED @ http://localhost:1314/livereload.js?mindelay=10&v=2&port=1314&path=livereload:1
[22233440ms] [ERROR] WebSocket connection to 'ws://localhost:1314/livereload' failed: Error in connection establishment: net::ERR_CONNECTION_REFUSED @ http://localhost:1314/livereload.js?mindelay=10&v=2&port=1314&path=livereload:1
[22293446ms] [ERROR] WebSocket connection to 'ws://localhost:1314/livereload' failed: Error in connection establishment: net::ERR_CONNECTION_REFUSED @ http://localhost:1314/livereload.js?mindelay=10&v=2&port=1314&path=livereload:1
[22353454ms] [ERROR] WebSocket connection to 'ws://localhost:1314/livereload' failed: Error in connection establishment: net::ERR_CONNECTION_REFUSED @ http://localhost:1314/livereload.js?mindelay=10&v=2&port=1314&path=livereload:1
[22413461ms] [ERROR] WebSocket connection to 'ws://localhost:1314/livereload' failed: Error in connection establishment: net::ERR_CONNECTION_REFUSED @ http://localhost:1314/livereload.js?mindelay=10&v=2&port=1314&path=livereload:1
[22473466ms] [ERROR] WebSocket connection to 'ws://localhost:1314/livereload' failed: Error in connection establishment: net::ERR_CONNECTION_REFUSED @ http://localhost:1314/livereload.js?mindelay=10&v=2&port=1314&path=livereload:1
[22533472ms] [ERROR] WebSocket connection to 'ws://localhost:1314/livereload' failed: Error in connection establishment: net::ERR_CONNECTION_REFUSED @ http://localhost:1314/livereload.js?mindelay=10&v=2&port=1314&path=livereload:1
[22593479ms] [ERROR] WebSocket connection to 'ws://localhost:1314/livereload' failed: Error in connection establishment: net::ERR_CONNECTION_REFUSED @ http://localhost:1314/livereload.js?mindelay=10&v=2&port=1314&path=livereload:1
[22653484ms] [ERROR] WebSocket connection to 'ws://localhost:1314/livereload' failed: Error in connection establishment: net::ERR_CONNECTION_REFUSED @ http://localhost:1314/livereload.js?mindelay=10&v=2&port=1314&path=livereload:1
[22713488ms] [ERROR] WebSocket connection to 'ws://localhost:1314/livereload' failed: Error in connection establishment: net::ERR_CONNECTION_REFUSED @ http://localhost:1314/livereload.js?mindelay=10&v=2&port=1314&path=livereload:1
[22773493ms] [ERROR] WebSocket connection to 'ws://localhost:1314/livereload' failed: Error in connection establishment: net::ERR_CONNECTION_REFUSED @ http://localhost:1314/livereload.js?mindelay=10&v=2&port=1314&path=livereload:1
[22833500ms] [ERROR] WebSocket connection to 'ws://localhost:1314/livereload' failed: Error in connection establishment: net::ERR_CONNECTION_REFUSED @ http://localhost:1314/livereload.js?mindelay=10&v=2&port=1314&path=livereload:1
[22893506ms] [ERROR] WebSocket connection to 'ws://localhost:1314/livereload' failed: Error in connection establishment: net::ERR_CONNECTION_REFUSED @ http://localhost:1314/livereload.js?mindelay=10&v=2&port=1314&path=livereload:1
[22953512ms] [ERROR] WebSocket connection to 'ws://localhost:1314/livereload' failed: Error in connection establishment: net::ERR_CONNECTION_REFUSED @ http://localhost:1314/livereload.js?mindelay=10&v=2&port=1314&path=livereload:1
[23013517ms] [ERROR] WebSocket connection to 'ws://localhost:1314/livereload' failed: Error in connection establishment: net::ERR_CONNECTION_REFUSED @ http://localhost:1314/livereload.js?mindelay=10&v=2&port=1314&path=livereload:1
[23073521ms] [ERROR] WebSocket connection to 'ws://localhost:1314/livereload' failed: Error in connection establishment: net::ERR_CONNECTION_REFUSED @ http://localhost:1314/livereload.js?mindelay=10&v=2&port=1314&path=livereload:1
[23133523ms] [ERROR] WebSocket connection to 'ws://localhost:1314/livereload' failed: Error in connection establishment: net::ERR_CONNECTION_REFUSED @ http://localhost:1314/livereload.js?mindelay=10&v=2&port=1314&path=livereload:1
[23193529ms] [ERROR] WebSocket connection to 'ws://localhost:1314/livereload' failed: Error in connection establishment: net::ERR_CONNECTION_REFUSED @ http://localhost:1314/livereload.js?mindelay=10&v=2&port=1314&path=livereload:1
[23253534ms] [ERROR] WebSocket connection to 'ws://localhost:1314/livereload' failed: Error in connection establishment: net::ERR_CONNECTION_REFUSED @ http://localhost:1314/livereload.js?mindelay=10&v=2&port=1314&path=livereload:1
[23313539ms] [ERROR] WebSocket connection to 'ws://localhost:1314/livereload' failed: Error in connection establishment: net::ERR_CONNECTION_REFUSED @ http://localhost:1314/livereload.js?mindelay=10&v=2&port=1314&path=livereload:1
[23373545ms] [ERROR] WebSocket connection to 'ws://localhost:1314/livereload' failed: Error in connection establishment: net::ERR_CONNECTION_REFUSED @ http://localhost:1314/livereload.js?mindelay=10&v=2&port=1314&path=livereload:1
[23433550ms] [ERROR] WebSocket connection to 'ws://localhost:1314/livereload' failed: Error in connection establishment: net::ERR_CONNECTION_REFUSED @ http://localhost:1314/livereload.js?mindelay=10&v=2&port=1314&path=livereload:1
[23493558ms] [ERROR] WebSocket connection to 'ws://localhost:1314/livereload' failed: Error in connection establishment: net::ERR_CONNECTION_REFUSED @ http://localhost:1314/livereload.js?mindelay=10&v=2&port=1314&path=livereload:1
[23553568ms] [ERROR] WebSocket connection to 'ws://localhost:1314/livereload' failed: Error in connection establishment: net::ERR_CONNECTION_REFUSED @ http://localhost:1314/livereload.js?mindelay=10&v=2&port=1314&path=livereload:1
[23613576ms] [ERROR] WebSocket connection to 'ws://localhost:1314/livereload' failed: Error in connection establishment: net::ERR_CONNECTION_REFUSED @ http://localhost:1314/livereload.js?mindelay=10&v=2&port=1314&path=livereload:1
[23673584ms] [ERROR] WebSocket connection to 'ws://localhost:1314/livereload' failed: Error in connection establishment: net::ERR_CONNECTION_REFUSED @ http://localhost:1314/livereload.js?mindelay=10&v=2&port=1314&path=livereload:1
[23733590ms] [ERROR] WebSocket connection to 'ws://localhost:1314/livereload' failed: Error in connection establishment: net::ERR_CONNECTION_REFUSED @ http://localhost:1314/livereload.js?mindelay=10&v=2&port=1314&path=livereload:1
[23793598ms] [ERROR] WebSocket connection to 'ws://localhost:1314/livereload' failed: Error in connection establishment: net::ERR_CONNECTION_REFUSED @ http://localhost:1314/livereload.js?mindelay=10&v=2&port=1314&path=livereload:1
[23853608ms] [ERROR] WebSocket connection to 'ws://localhost:1314/livereload' failed: Error in connection establishment: net::ERR_CONNECTION_REFUSED @ http://localhost:1314/livereload.js?mindelay=10&v=2&port=1314&path=livereload:1
[23913619ms] [ERROR] WebSocket connection to 'ws://localhost:1314/livereload' failed: Error in connection establishment: net::ERR_CONNECTION_REFUSED @ http://localhost:1314/livereload.js?mindelay=10&v=2&port=1314&path=livereload:1
[23973627ms] [ERROR] WebSocket connection to 'ws://localhost:1314/livereload' failed: Error in connection establishment: net::ERR_CONNECTION_REFUSED @ http://localhost:1314/livereload.js?mindelay=10&v=2&port=1314&path=livereload:1
[24033640ms] [ERROR] WebSocket connection to 'ws://localhost:1314/livereload' failed: Error in connection establishment: net::ERR_CONNECTION_REFUSED @ http://localhost:1314/livereload.js?mindelay=10&v=2&port=1314&path=livereload:1
[24093644ms] [ERROR] WebSocket connection to 'ws://localhost:1314/livereload' failed: Error in connection establishment: net::ERR_CONNECTION_REFUSED @ http://localhost:1314/livereload.js?mindelay=10&v=2&port=1314&path=livereload:1
[24153625ms] [ERROR] WebSocket connection to 'ws://localhost:1314/livereload' failed: Error in connection establishment: net::ERR_CONNECTION_REFUSED @ http://localhost:1314/livereload.js?mindelay=10&v=2&port=1314&path=livereload:1
[24213628ms] [ERROR] WebSocket connection to 'ws://localhost:1314/livereload' failed: Error in connection establishment: net::ERR_CONNECTION_REFUSED @ http://localhost:1314/livereload.js?mindelay=10&v=2&port=1314&path=livereload:1
[24273635ms] [ERROR] WebSocket connection to 'ws://localhost:1314/livereload' failed: Error in connection establishment: net::ERR_CONNECTION_REFUSED @ http://localhost:1314/livereload.js?mindelay=10&v=2&port=1314&path=livereload:1
[24333643ms] [ERROR] WebSocket connection to 'ws://localhost:1314/livereload' failed: Error in connection establishment: net::ERR_CONNECTION_REFUSED @ http://localhost:1314/livereload.js?mindelay=10&v=2&port=1314&path=livereload:1
[24393648ms] [ERROR] WebSocket connection to 'ws://localhost:1314/livereload' failed: Error in connection establishment: net::ERR_CONNECTION_REFUSED @ http://localhost:1314/livereload.js?mindelay=10&v=2&port=1314&path=livereload:1
[24453653ms] [ERROR] WebSocket connection to 'ws://localhost:1314/livereload' failed: Error in connection establishment: net::ERR_CONNECTION_REFUSED @ http://localhost:1314/livereload.js?mindelay=10&v=2&port=1314&path=livereload:1
[24513658ms] [ERROR] WebSocket connection to 'ws://localhost:1314/livereload' failed: Error in connection establishment: net::ERR_CONNECTION_REFUSED @ http://localhost:1314/livereload.js?mindelay=10&v=2&port=1314&path=livereload:1
[24573665ms] [ERROR] WebSocket connection to 'ws://localhost:1314/livereload' failed: Error in connection establishment: net::ERR_CONNECTION_REFUSED @ http://localhost:1314/livereload.js?mindelay=10&v=2&port=1314&path=livereload:1
[24633671ms] [ERROR] WebSocket connection to 'ws://localhost:1314/livereload' failed: Error in connection establishment: net::ERR_CONNECTION_REFUSED @ http://localhost:1314/livereload.js?mindelay=10&v=2&port=1314&path=livereload:1
[24693676ms] [ERROR] WebSocket connection to 'ws://localhost:1314/livereload' failed: Error in connection establishment: net::ERR_CONNECTION_REFUSED @ http://localhost:1314/livereload.js?mindelay=10&v=2&port=1314&path=livereload:1
[24753683ms] [ERROR] WebSocket connection to 'ws://localhost:1314/livereload' failed: Error in connection establishment: net::ERR_CONNECTION_REFUSED @ http://localhost:1314/livereload.js?mindelay=10&v=2&port=1314&path=livereload:1
[24813689ms] [ERROR] WebSocket connection to 'ws://localhost:1314/livereload' failed: Error in connection establishment: net::ERR_CONNECTION_REFUSED @ http://localhost:1314/livereload.js?mindelay=10&v=2&port=1314&path=livereload:1
[24873693ms] [ERROR] WebSocket connection to 'ws://localhost:1314/livereload' failed: Error in connection establishment: net::ERR_CONNECTION_REFUSED @ http://localhost:1314/livereload.js?mindelay=10&v=2&port=1314&path=livereload:1
[24933700ms] [ERROR] WebSocket connection to 'ws://localhost:1314/livereload' failed: Error in connection establishment: net::ERR_CONNECTION_REFUSED @ http://localhost:1314/livereload.js?mindelay=10&v=2&port=1314&path=livereload:1
[24993706ms] [ERROR] WebSocket connection to 'ws://localhost:1314/livereload' failed: Error in connection establishment: net::ERR_CONNECTION_REFUSED @ http://localhost:1314/livereload.js?mindelay=10&v=2&port=1314&path=livereload:1
[25053712ms] [ERROR] WebSocket connection to 'ws://localhost:1314/livereload' failed: Error in connection establishment: net::ERR_CONNECTION_REFUSED @ http://localhost:1314/livereload.js?mindelay=10&v=2&port=1314&path=livereload:1
[25113717ms] [ERROR] WebSocket connection to 'ws://localhost:1314/livereload' failed: Error in connection establishment: net::ERR_CONNECTION_REFUSED @ http://localhost:1314/livereload.js?mindelay=10&v=2&port=1314&path=livereload:1
[25173760ms] [ERROR] WebSocket connection to 'ws://localhost:1314/livereload' failed: Error in connection establishment: net::ERR_CONNECTION_REFUSED @ http://localhost:1314/livereload.js?mindelay=10&v=2&port=1314&path=livereload:1
[25233770ms] [ERROR] WebSocket connection to 'ws://localhost:1314/livereload' failed: Error in connection establishment: net::ERR_CONNECTION_REFUSED @ http://localhost:1314/livereload.js?mindelay=10&v=2&port=1314&path=livereload:1
[25293776ms] [ERROR] WebSocket connection to 'ws://localhost:1314/livereload' failed: Error in connection establishment: net::ERR_CONNECTION_REFUSED @ http://localhost:1314/livereload.js?mindelay=10&v=2&port=1314&path=livereload:1
[25353783ms] [ERROR] WebSocket connection to 'ws://localhost:1314/livereload' failed: Error in connection establishment: net::ERR_CONNECTION_REFUSED @ http://localhost:1314/livereload.js?mindelay=10&v=2&port=1314&path=livereload:1
[25413787ms] [ERROR] WebSocket connection to 'ws://localhost:1314/livereload' failed: Error in connection establishment: net::ERR_CONNECTION_REFUSED @ http://localhost:1314/livereload.js?mindelay=10&v=2&port=1314&path=livereload:1
[25473794ms] [ERROR] WebSocket connection to 'ws://localhost:1314/livereload' failed: Error in connection establishment: net::ERR_CONNECTION_REFUSED @ http://localhost:1314/livereload.js?mindelay=10&v=2&port=1314&path=livereload:1
[25533799ms] [ERROR] WebSocket connection to 'ws://localhost:1314/livereload' failed: Error in connection establishment: net::ERR_CONNECTION_REFUSED @ http://localhost:1314/livereload.js?mindelay=10&v=2&port=1314&path=livereload:1
[25593805ms] [ERROR] WebSocket connection to 'ws://localhost:1314/livereload' failed: Error in connection establishment: net::ERR_CONNECTION_REFUSED @ http://localhost:1314/livereload.js?mindelay=10&v=2&port=1314&path=livereload:1
[25653812ms] [ERROR] WebSocket connection to 'ws://localhost:1314/livereload' failed: Error in connection establishment: net::ERR_CONNECTION_REFUSED @ http://localhost:1314/livereload.js?mindelay=10&v=2&port=1314&path=livereload:1
[25713820ms] [ERROR] WebSocket connection to 'ws://localhost:1314/livereload' failed: Error in connection establishment: net::ERR_CONNECTION_REFUSED @ http://localhost:1314/livereload.js?mindelay=10&v=2&port=1314&path=livereload:1
[25773828ms] [ERROR] WebSocket connection to 'ws://localhost:1314/livereload' failed: Error in connection establishment: net::ERR_CONNECTION_REFUSED @ http://localhost:1314/livereload.js?mindelay=10&v=2&port=1314&path=livereload:1
[25833835ms] [ERROR] WebSocket connection to 'ws://localhost:1314/livereload' failed: Error in connection establishment: net::ERR_CONNECTION_REFUSED @ http://localhost:1314/livereload.js?mindelay=10&v=2&port=1314&path=livereload:1
[25893842ms] [ERROR] WebSocket connection to 'ws://localhost:1314/livereload' failed: Error in connection establishment: net::ERR_CONNECTION_REFUSED @ http://localhost:1314/livereload.js?mindelay=10&v=2&port=1314&path=livereload:1
[25953850ms] [ERROR] WebSocket connection to 'ws://localhost:1314/livereload' failed: Error in connection establishment: net::ERR_CONNECTION_REFUSED @ http://localhost:1314/livereload.js?mindelay=10&v=2&port=1314&path=livereload:1
[26013856ms] [ERROR] WebSocket connection to 'ws://localhost:1314/livereload' failed: Error in connection establishment: net::ERR_CONNECTION_REFUSED @ http://localhost:1314/livereload.js?mindelay=10&v=2&port=1314&path=livereload:1
[26073862ms] [ERROR] WebSocket connection to 'ws://localhost:1314/livereload' failed: Error in connection establishment: net::ERR_CONNECTION_REFUSED @ http://localhost:1314/livereload.js?mindelay=10&v=2&port=1314&path=livereload:1
[26133869ms] [ERROR] WebSocket connection to 'ws://localhost:1314/livereload' failed: Error in connection establishment: net::ERR_CONNECTION_REFUSED @ http://localhost:1314/livereload.js?mindelay=10&v=2&port=1314&path=livereload:1
[26193877ms] [ERROR] WebSocket connection to 'ws://localhost:1314/livereload' failed: Error in connection establishment: net::ERR_CONNECTION_REFUSED @ http://localhost:1314/livereload.js?mindelay=10&v=2&port=1314&path=livereload:1
[26253858ms] [ERROR] WebSocket connection to 'ws://localhost:1314/livereload' failed: Error in connection establishment: net::ERR_CONNECTION_REFUSED @ http://localhost:1314/livereload.js?mindelay=10&v=2&port=1314&path=livereload:1
[26313862ms] [ERROR] WebSocket connection to 'ws://localhost:1314/livereload' failed: Error in connection establishment: net::ERR_CONNECTION_REFUSED @ http://localhost:1314/livereload.js?mindelay=10&v=2&port=1314&path=livereload:1
[26373869ms] [ERROR] WebSocket connection to 'ws://localhost:1314/livereload' failed: Error in connection establishment: net::ERR_CONNECTION_REFUSED @ http://localhost:1314/livereload.js?mindelay=10&v=2&port=1314&path=livereload:1
[26433876ms] [ERROR] WebSocket connection to 'ws://localhost:1314/livereload' failed: Error in connection establishment: net::ERR_CONNECTION_REFUSED @ http://localhost:1314/livereload.js?mindelay=10&v=2&port=1314&path=livereload:1
[26493882ms] [ERROR] WebSocket connection to 'ws://localhost:1314/livereload' failed: Error in connection establishment: net::ERR_CONNECTION_REFUSED @ http://localhost:1314/livereload.js?mindelay=10&v=2&port=1314&path=livereload:1
[26553891ms] [ERROR] WebSocket connection to 'ws://localhost:1314/livereload' failed: Error in connection establishment: net::ERR_CONNECTION_REFUSED @ http://localhost:1314/livereload.js?mindelay=10&v=2&port=1314&path=livereload:1
[26613897ms] [ERROR] WebSocket connection to 'ws://localhost:1314/livereload' failed: Error in connection establishment: net::ERR_CONNECTION_REFUSED @ http://localhost:1314/livereload.js?mindelay=10&v=2&port=1314&path=livereload:1
[26673905ms] [ERROR] WebSocket connection to 'ws://localhost:1314/livereload' failed: Error in connection establishment: net::ERR_CONNECTION_REFUSED @ http://localhost:1314/livereload.js?mindelay=10&v=2&port=1314&path=livereload:1
[26733913ms] [ERROR] WebSocket connection to 'ws://localhost:1314/livereload' failed: Error in connection establishment: net::ERR_CONNECTION_REFUSED @ http://localhost:1314/livereload.js?mindelay=10&v=2&port=1314&path=livereload:1
[26793920ms] [ERROR] WebSocket connection to 'ws://localhost:1314/livereload' failed: Error in connection establishment: net::ERR_CONNECTION_REFUSED @ http://localhost:1314/livereload.js?mindelay=10&v=2&port=1314&path=livereload:1
[26853926ms] [ERROR] WebSocket connection to 'ws://localhost:1314/livereload' failed: Error in connection establishment: net::ERR_CONNECTION_REFUSED @ http://localhost:1314/livereload.js?mindelay=10&v=2&port=1314&path=livereload:1
[26913932ms] [ERROR] WebSocket connection to 'ws://localhost:1314/livereload' failed: Error in connection establishment: net::ERR_CONNECTION_REFUSED @ http://localhost:1314/livereload.js?mindelay=10&v=2&port=1314&path=livereload:1
[26973940ms] [ERROR] WebSocket connection to 'ws://localhost:1314/livereload' failed: Error in connection establishment: net::ERR_CONNECTION_REFUSED @ http://localhost:1314/livereload.js?mindelay=10&v=2&port=1314&path=livereload:1
[27033945ms] [ERROR] WebSocket connection to 'ws://localhost:1314/livereload' failed: Error in connection establishment: net::ERR_CONNECTION_REFUSED @ http://localhost:1314/livereload.js?mindelay=10&v=2&port=1314&path=livereload:1
[27093953ms] [ERROR] WebSocket connection to 'ws://localhost:1314/livereload' failed: Error in connection establishment: net::ERR_CONNECTION_REFUSED @ http://localhost:1314/livereload.js?mindelay=10&v=2&port=1314&path=livereload:1
[27153960ms] [ERROR] WebSocket connection to 'ws://localhost:1314/livereload' failed: Error in connection establishment: net::ERR_CONNECTION_REFUSED @ http://localhost:1314/livereload.js?mindelay=10&v=2&port=1314&path=livereload:1
[27213967ms] [ERROR] WebSocket connection to 'ws://localhost:1314/livereload' failed: Error in connection establishment: net::ERR_CONNECTION_REFUSED @ http://localhost:1314/livereload.js?mindelay=10&v=2&port=1314&path=livereload:1
[27273994ms] [ERROR] WebSocket connection to 'ws://localhost:1314/livereload' failed: Error in connection establishment: net::ERR_CONNECTION_REFUSED @ http://localhost:1314/livereload.js?mindelay=10&v=2&port=1314&path=livereload:1
[27334016ms] [ERROR] WebSocket connection to 'ws://localhost:1314/livereload' failed: Error in connection establishment: net::ERR_CONNECTION_REFUSED @ http://localhost:1314/livereload.js?mindelay=10&v=2&port=1314&path=livereload:1
[27394027ms] [ERROR] WebSocket connection to 'ws://localhost:1314/livereload' failed: Error in connection establishment: net::ERR_CONNECTION_REFUSED @ http://localhost:1314/livereload.js?mindelay=10&v=2&port=1314&path=livereload:1
[27454034ms] [ERROR] WebSocket connection to 'ws://localhost:1314/livereload' failed: Error in connection establishment: net::ERR_CONNECTION_REFUSED @ http://localhost:1314/livereload.js?mindelay=10&v=2&port=1314&path=livereload:1
[27514041ms] [ERROR] WebSocket connection to 'ws://localhost:1314/livereload' failed: Error in connection establishment: net::ERR_CONNECTION_REFUSED @ http://localhost:1314/livereload.js?mindelay=10&v=2&port=1314&path=livereload:1
[27574047ms] [ERROR] WebSocket connection to 'ws://localhost:1314/livereload' failed: Error in connection establishment: net::ERR_CONNECTION_REFUSED @ http://localhost:1314/livereload.js?mindelay=10&v=2&port=1314&path=livereload:1
[27634055ms] [ERROR] WebSocket connection to 'ws://localhost:1314/livereload' failed: Error in connection establishment: net::ERR_CONNECTION_REFUSED @ http://localhost:1314/livereload.js?mindelay=10&v=2&port=1314&path=livereload:1
[27694063ms] [ERROR] WebSocket connection to 'ws://localhost:1314/livereload' failed: Error in connection establishment: net::ERR_CONNECTION_REFUSED @ http://localhost:1314/livereload.js?mindelay=10&v=2&port=1314&path=livereload:1
[27754069ms] [ERROR] WebSocket connection to 'ws://localhost:1314/livereload' failed: Error in connection establishment: net::ERR_CONNECTION_REFUSED @ http://localhost:1314/livereload.js?mindelay=10&v=2&port=1314&path=livereload:1
[27814075ms] [ERROR] WebSocket connection to 'ws://localhost:1314/livereload' failed: Error in connection establishment: net::ERR_CONNECTION_REFUSED @ http://localhost:1314/livereload.js?mindelay=10&v=2&port=1314&path=livereload:1
[27874082ms] [ERROR] WebSocket connection to 'ws://localhost:1314/livereload' failed: Error in connection establishment: net::ERR_CONNECTION_REFUSED @ http://localhost:1314/livereload.js?mindelay=10&v=2&port=1314&path=livereload:1
[27934088ms] [ERROR] WebSocket connection to 'ws://localhost:1314/livereload' failed: Error in connection establishment: net::ERR_CONNECTION_REFUSED @ http://localhost:1314/livereload.js?mindelay=10&v=2&port=1314&path=livereload:1
[27994096ms] [ERROR] WebSocket connection to 'ws://localhost:1314/livereload' failed: Error in connection establishment: net::ERR_CONNECTION_REFUSED @ http://localhost:1314/livereload.js?mindelay=10&v=2&port=1314&path=livereload:1
[28054102ms] [ERROR] WebSocket connection to 'ws://localhost:1314/livereload' failed: Error in connection establishment: net::ERR_CONNECTION_REFUSED @ http://localhost:1314/livereload.js?mindelay=10&v=2&port=1314&path=livereload:1
[28114109ms] [ERROR] WebSocket connection to 'ws://localhost:1314/livereload' failed: Error in connection establishment: net::ERR_CONNECTION_REFUSED @ http://localhost:1314/livereload.js?mindelay=10&v=2&port=1314&path=livereload:1
[28174120ms] [ERROR] WebSocket connection to 'ws://localhost:1314/livereload' failed: Error in connection establishment: net::ERR_CONNECTION_REFUSED @ http://localhost:1314/livereload.js?mindelay=10&v=2&port=1314&path=livereload:1
[28234126ms] [ERROR] WebSocket connection to 'ws://localhost:1314/livereload' failed: Error in connection establishment: net::ERR_CONNECTION_REFUSED @ http://localhost:1314/livereload.js?mindelay=10&v=2&port=1314&path=livereload:1
[28294133ms] [ERROR] WebSocket connection to 'ws://localhost:1314/livereload' failed: Error in connection establishment: net::ERR_CONNECTION_REFUSED @ http://localhost:1314/livereload.js?mindelay=10&v=2&port=1314&path=livereload:1
[28354156ms] [ERROR] WebSocket connection to 'ws://localhost:1314/livereload' failed: Error in connection establishment: net::ERR_CONNECTION_REFUSED @ http://localhost:1314/livereload.js?mindelay=10&v=2&port=1314&path=livereload:1
[28414169ms] [ERROR] WebSocket connection to 'ws://localhost:1314/livereload' failed: Error in connection establishment: net::ERR_CONNECTION_REFUSED @ http://localhost:1314/livereload.js?mindelay=10&v=2&port=1314&path=livereload:1
[28474175ms] [ERROR] WebSocket connection to 'ws://localhost:1314/livereload' failed: Error in connection establishment: net::ERR_CONNECTION_REFUSED @ http://localhost:1314/livereload.js?mindelay=10&v=2&port=1314&path=livereload:1
[28534181ms] [ERROR] WebSocket connection to 'ws://localhost:1314/livereload' failed: Error in connection establishment: net::ERR_CONNECTION_REFUSED @ http://localhost:1314/livereload.js?mindelay=10&v=2&port=1314&path=livereload:1
[28594191ms] [ERROR] WebSocket connection to 'ws://localhost:1314/livereload' failed: Error in connection establishment: net::ERR_CONNECTION_REFUSED @ http://localhost:1314/livereload.js?mindelay=10&v=2&port=1314&path=livereload:1
[28654196ms] [ERROR] WebSocket connection to 'ws://localhost:1314/livereload' failed: Error in connection establishment: net::ERR_CONNECTION_REFUSED @ http://localhost:1314/livereload.js?mindelay=10&v=2&port=1314&path=livereload:1
[28714204ms] [ERROR] WebSocket connection to 'ws://localhost:1314/livereload' failed: Error in connection establishment: net::ERR_CONNECTION_REFUSED @ http://localhost:1314/livereload.js?mindelay=10&v=2&port=1314&path=livereload:1
[28774211ms] [ERROR] WebSocket connection to 'ws://localhost:1314/livereload' failed: Error in connection establishment: net::ERR_CONNECTION_REFUSED @ http://localhost:1314/livereload.js?mindelay=10&v=2&port=1314&path=livereload:1
[28834218ms] [ERROR] WebSocket connection to 'ws://localhost:1314/livereload' failed: Error in connection establishment: net::ERR_CONNECTION_REFUSED @ http://localhost:1314/livereload.js?mindelay=10&v=2&port=1314&path=livereload:1
[28894224ms] [ERROR] WebSocket connection to 'ws://localhost:1314/livereload' failed: Error in connection establishment: net::ERR_CONNECTION_REFUSED @ http://localhost:1314/livereload.js?mindelay=10&v=2&port=1314&path=livereload:1
[28954228ms] [ERROR] WebSocket connection to 'ws://localhost:1314/livereload' failed: Error in connection establishment: net::ERR_CONNECTION_REFUSED @ http://localhost:1314/livereload.js?mindelay=10&v=2&port=1314&path=livereload:1
[29014236ms] [ERROR] WebSocket connection to 'ws://localhost:1314/livereload' failed: Error in connection establishment: net::ERR_CONNECTION_REFUSED @ http://localhost:1314/livereload.js?mindelay=10&v=2&port=1314&path=livereload:1
[29074247ms] [ERROR] WebSocket connection to 'ws://localhost:1314/livereload' failed: Error in connection establishment: net::ERR_CONNECTION_REFUSED @ http://localhost:1314/livereload.js?mindelay=10&v=2&port=1314&path=livereload:1
[29134256ms] [ERROR] WebSocket connection to 'ws://localhost:1314/livereload' failed: Error in connection establishment: net::ERR_CONNECTION_REFUSED @ http://localhost:1314/livereload.js?mindelay=10&v=2&port=1314&path=livereload:1
[29194262ms] [ERROR] WebSocket connection to 'ws://localhost:1314/livereload' failed: Error in connection establishment: net::ERR_CONNECTION_REFUSED @ http://localhost:1314/livereload.js?mindelay=10&v=2&port=1314&path=livereload:1
[29254268ms] [ERROR] WebSocket connection to 'ws://localhost:1314/livereload' failed: Error in connection establishment: net::ERR_CONNECTION_REFUSED @ http://localhost:1314/livereload.js?mindelay=10&v=2&port=1314&path=livereload:1
[29314275ms] [ERROR] WebSocket connection to 'ws://localhost:1314/livereload' failed: Error in connection establishment: net::ERR_CONNECTION_REFUSED @ http://localhost:1314/livereload.js?mindelay=10&v=2&port=1314&path=livereload:1
[29374282ms] [ERROR] WebSocket connection to 'ws://localhost:1314/livereload' failed: Error in connection establishment: net::ERR_CONNECTION_REFUSED @ http://localhost:1314/livereload.js?mindelay=10&v=2&port=1314&path=livereload:1
[29434259ms] [ERROR] WebSocket connection to 'ws://localhost:1314/livereload' failed: Error in connection establishment: net::ERR_CONNECTION_REFUSED @ http://localhost:1314/livereload.js?mindelay=10&v=2&port=1314&path=livereload:1
[29494260ms] [ERROR] WebSocket connection to 'ws://localhost:1314/livereload' failed: Error in connection establishment: net::ERR_CONNECTION_REFUSED @ http://localhost:1314/livereload.js?mindelay=10&v=2&port=1314&path=livereload:1
[29554267ms] [ERROR] WebSocket connection to 'ws://localhost:1314/livereload' failed: Error in connection establishment: net::ERR_CONNECTION_REFUSED @ http://localhost:1314/livereload.js?mindelay=10&v=2&port=1314&path=livereload:1
[29614271ms] [ERROR] WebSocket connection to 'ws://localhost:1314/livereload' failed: Error in connection establishment: net::ERR_CONNECTION_REFUSED @ http://localhost:1314/livereload.js?mindelay=10&v=2&port=1314&path=livereload:1
[29674276ms] [ERROR] WebSocket connection to 'ws://localhost:1314/livereload' failed: Error in connection establishment: net::ERR_CONNECTION_REFUSED @ http://localhost:1314/livereload.js?mindelay=10&v=2&port=1314&path=livereload:1
[29734283ms] [ERROR] WebSocket connection to 'ws://localhost:1314/livereload' failed: Error in connection establishment: net::ERR_CONNECTION_REFUSED @ http://localhost:1314/livereload.js?mindelay=10&v=2&port=1314&path=livereload:1
[29794291ms] [ERROR] WebSocket connection to 'ws://localhost:1314/livereload' failed: Error in connection establishment: net::ERR_CONNECTION_REFUSED @ http://localhost:1314/livereload.js?mindelay=10&v=2&port=1314&path=livereload:1
[29854299ms] [ERROR] WebSocket connection to 'ws://localhost:1314/livereload' failed: Error in connection establishment: net::ERR_CONNECTION_REFUSED @ http://localhost:1314/livereload.js?mindelay=10&v=2&port=1314&path=livereload:1
[29914307ms] [ERROR] WebSocket connection to 'ws://localhost:1314/livereload' failed: Error in connection establishment: net::ERR_CONNECTION_REFUSED @ http://localhost:1314/livereload.js?mindelay=10&v=2&port=1314&path=livereload:1
[29974316ms] [ERROR] WebSocket connection to 'ws://localhost:1314/livereload' failed: Error in connection establishment: net::ERR_CONNECTION_REFUSED @ http://localhost:1314/livereload.js?mindelay=10&v=2&port=1314&path=livereload:1
[30034322ms] [ERROR] WebSocket connection to 'ws://localhost:1314/livereload' failed: Error in connection establishment: net::ERR_CONNECTION_REFUSED @ http://localhost:1314/livereload.js?mindelay=10&v=2&port=1314&path=livereload:1
[30094328ms] [ERROR] WebSocket connection to 'ws://localhost:1314/livereload' failed: Error in connection establishment: net::ERR_CONNECTION_REFUSED @ http://localhost:1314/livereload.js?mindelay=10&v=2&port=1314&path=livereload:1
[30154332ms] [ERROR] WebSocket connection to 'ws://localhost:1314/livereload' failed: Error in connection establishment: net::ERR_CONNECTION_REFUSED @ http://localhost:1314/livereload.js?mindelay=10&v=2&port=1314&path=livereload:1
[30214339ms] [ERROR] WebSocket connection to 'ws://localhost:1314/livereload' failed: Error in connection establishment: net::ERR_CONNECTION_REFUSED @ http://localhost:1314/livereload.js?mindelay=10&v=2&port=1314&path=livereload:1
[30274343ms] [ERROR] WebSocket connection to 'ws://localhost:1314/livereload' failed: Error in connection establishment: net::ERR_CONNECTION_REFUSED @ http://localhost:1314/livereload.js?mindelay=10&v=2&port=1314&path=livereload:1
[30334350ms] [ERROR] WebSocket connection to 'ws://localhost:1314/livereload' failed: Error in connection establishment: net::ERR_CONNECTION_REFUSED @ http://localhost:1314/livereload.js?mindelay=10&v=2&port=1314&path=livereload:1
[30394356ms] [ERROR] WebSocket connection to 'ws://localhost:1314/livereload' failed: Error in connection establishment: net::ERR_CONNECTION_REFUSED @ http://localhost:1314/livereload.js?mindelay=10&v=2&port=1314&path=livereload:1
[30454384ms] [ERROR] WebSocket connection to 'ws://localhost:1314/livereload' failed: Error in connection establishment: net::ERR_CONNECTION_REFUSED @ http://localhost:1314/livereload.js?mindelay=10&v=2&port=1314&path=livereload:1
[30514393ms] [ERROR] WebSocket connection to 'ws://localhost:1314/livereload' failed: Error in connection establishment: net::ERR_CONNECTION_REFUSED @ http://localhost:1314/livereload.js?mindelay=10&v=2&port=1314&path=livereload:1
[30574400ms] [ERROR] WebSocket connection to 'ws://localhost:1314/livereload' failed: Error in connection establishment: net::ERR_CONNECTION_REFUSED @ http://localhost:1314/livereload.js?mindelay=10&v=2&port=1314&path=livereload:1
[30634405ms] [ERROR] WebSocket connection to 'ws://localhost:1314/livereload' failed: Error in connection establishment: net::ERR_CONNECTION_REFUSED @ http://localhost:1314/livereload.js?mindelay=10&v=2&port=1314&path=livereload:1
[30694408ms] [ERROR] WebSocket connection to 'ws://localhost:1314/livereload' failed: Error in connection establishment: net::ERR_CONNECTION_REFUSED @ http://localhost:1314/livereload.js?mindelay=10&v=2&port=1314&path=livereload:1
[30754414ms] [ERROR] WebSocket connection to 'ws://localhost:1314/livereload' failed: Error in connection establishment: net::ERR_CONNECTION_REFUSED @ http://localhost:1314/livereload.js?mindelay=10&v=2&port=1314&path=livereload:1
[30814418ms] [ERROR] WebSocket connection to 'ws://localhost:1314/livereload' failed: Error in connection establishment: net::ERR_CONNECTION_REFUSED @ http://localhost:1314/livereload.js?mindelay=10&v=2&port=1314&path=livereload:1
[30874425ms] [ERROR] WebSocket connection to 'ws://localhost:1314/livereload' failed: Error in connection establishment: net::ERR_CONNECTION_REFUSED @ http://localhost:1314/livereload.js?mindelay=10&v=2&port=1314&path=livereload:1
[30934432ms] [ERROR] WebSocket connection to 'ws://localhost:1314/livereload' failed: Error in connection establishment: net::ERR_CONNECTION_REFUSED @ http://localhost:1314/livereload.js?mindelay=10&v=2&port=1314&path=livereload:1
[30994439ms] [ERROR] WebSocket connection to 'ws://localhost:1314/livereload' failed: Error in connection establishment: net::ERR_CONNECTION_REFUSED @ http://localhost:1314/livereload.js?mindelay=10&v=2&port=1314&path=livereload:1
[31054446ms] [ERROR] WebSocket connection to 'ws://localhost:1314/livereload' failed: Error in connection establishment: net::ERR_CONNECTION_REFUSED @ http://localhost:1314/livereload.js?mindelay=10&v=2&port=1314&path=livereload:1
[31114454ms] [ERROR] WebSocket connection to 'ws://localhost:1314/livereload' failed: Error in connection establishment: net::ERR_CONNECTION_REFUSED @ http://localhost:1314/livereload.js?mindelay=10&v=2&port=1314&path=livereload:1
[31174462ms] [ERROR] WebSocket connection to 'ws://localhost:1314/livereload' failed: Error in connection establishment: net::ERR_CONNECTION_REFUSED @ http://localhost:1314/livereload.js?mindelay=10&v=2&port=1314&path=livereload:1
[31234467ms] [ERROR] WebSocket connection to 'ws://localhost:1314/livereload' failed: Error in connection establishment: net::ERR_CONNECTION_REFUSED @ http://localhost:1314/livereload.js?mindelay=10&v=2&port=1314&path=livereload:1
[31294474ms] [ERROR] WebSocket connection to 'ws://localhost:1314/livereload' failed: Error in connection establishment: net::ERR_CONNECTION_REFUSED @ http://localhost:1314/livereload.js?mindelay=10&v=2&port=1314&path=livereload:1
[31354482ms] [ERROR] WebSocket connection to 'ws://localhost:1314/livereload' failed: Error in connection establishment: net::ERR_CONNECTION_REFUSED @ http://localhost:1314/livereload.js?mindelay=10&v=2&port=1314&path=livereload:1
[31414489ms] [ERROR] WebSocket connection to 'ws://localhost:1314/livereload' failed: Error in connection establishment: net::ERR_CONNECTION_REFUSED @ http://localhost:1314/livereload.js?mindelay=10&v=2&port=1314&path=livereload:1
[31474478ms] [ERROR] WebSocket connection to 'ws://localhost:1314/livereload' failed: Error in connection establishment: net::ERR_CONNECTION_REFUSED @ http://localhost:1314/livereload.js?mindelay=10&v=2&port=1314&path=livereload:1
[31534473ms] [ERROR] WebSocket connection to 'ws://localhost:1314/livereload' failed: Error in connection establishment: net::ERR_CONNECTION_REFUSED @ http://localhost:1314/livereload.js?mindelay=10&v=2&port=1314&path=livereload:1
[31594479ms] [ERROR] WebSocket connection to 'ws://localhost:1314/livereload' failed: Error in connection establishment: net::ERR_CONNECTION_REFUSED @ http://localhost:1314/livereload.js?mindelay=10&v=2&port=1314&path=livereload:1
[31654486ms] [ERROR] WebSocket connection to 'ws://localhost:1314/livereload' failed: Error in connection establishment: net::ERR_CONNECTION_REFUSED @ http://localhost:1314/livereload.js?mindelay=10&v=2&port=1314&path=livereload:1
[31714493ms] [ERROR] WebSocket connection to 'ws://localhost:1314/livereload' failed: Error in connection establishment: net::ERR_CONNECTION_REFUSED @ http://localhost:1314/livereload.js?mindelay=10&v=2&port=1314&path=livereload:1
[31774497ms] [ERROR] WebSocket connection to 'ws://localhost:1314/livereload' failed: Error in connection establishment: net::ERR_CONNECTION_REFUSED @ http://localhost:1314/livereload.js?mindelay=10&v=2&port=1314&path=livereload:1
[31834504ms] [ERROR] WebSocket connection to 'ws://localhost:1314/livereload' failed: Error in connection establishment: net::ERR_CONNECTION_REFUSED @ http://localhost:1314/livereload.js?mindelay=10&v=2&port=1314&path=livereload:1
[31894510ms] [ERROR] WebSocket connection to 'ws://localhost:1314/livereload' failed: Error in connection establishment: net::ERR_CONNECTION_REFUSED @ http://localhost:1314/livereload.js?mindelay=10&v=2&port=1314&path=livereload:1
[31954517ms] [ERROR] WebSocket connection to 'ws://localhost:1314/livereload' failed: Error in connection establishment: net::ERR_CONNECTION_REFUSED @ http://localhost:1314/livereload.js?mindelay=10&v=2&port=1314&path=livereload:1
[32014525ms] [ERROR] WebSocket connection to 'ws://localhost:1314/livereload' failed: Error in connection establishment: net::ERR_CONNECTION_REFUSED @ http://localhost:1314/livereload.js?mindelay=10&v=2&port=1314&path=livereload:1
[32074531ms] [ERROR] WebSocket connection to 'ws://localhost:1314/livereload' failed: Error in connection establishment: net::ERR_CONNECTION_REFUSED @ http://localhost:1314/livereload.js?mindelay=10&v=2&port=1314&path=livereload:1
[32134539ms] [ERROR] WebSocket connection to 'ws://localhost:1314/livereload' failed: Error in connection establishment: net::ERR_CONNECTION_REFUSED @ http://localhost:1314/livereload.js?mindelay=10&v=2&port=1314&path=livereload:1
[32194545ms] [ERROR] WebSocket connection to 'ws://localhost:1314/livereload' failed: Error in connection establishment: net::ERR_CONNECTION_REFUSED @ http://localhost:1314/livereload.js?mindelay=10&v=2&port=1314&path=livereload:1
[32254553ms] [ERROR] WebSocket connection to 'ws://localhost:1314/livereload' failed: Error in connection establishment: net::ERR_CONNECTION_REFUSED @ http://localhost:1314/livereload.js?mindelay=10&v=2&port=1314&path=livereload:1
[32314557ms] [ERROR] WebSocket connection to 'ws://localhost:1314/livereload' failed: Error in connection establishment: net::ERR_CONNECTION_REFUSED @ http://localhost:1314/livereload.js?mindelay=10&v=2&port=1314&path=livereload:1
[32374565ms] [ERROR] WebSocket connection to 'ws://localhost:1314/livereload' failed: Error in connection establishment: net::ERR_CONNECTION_REFUSED @ http://localhost:1314/livereload.js?mindelay=10&v=2&port=1314&path=livereload:1
[32434573ms] [ERROR] WebSocket connection to 'ws://localhost:1314/livereload' failed: Error in connection establishment: net::ERR_CONNECTION_REFUSED @ http://localhost:1314/livereload.js?mindelay=10&v=2&port=1314&path=livereload:1
[32494580ms] [ERROR] WebSocket connection to 'ws://localhost:1314/livereload' failed: Error in connection establishment: net::ERR_CONNECTION_REFUSED @ http://localhost:1314/livereload.js?mindelay=10&v=2&port=1314&path=livereload:1
[32554569ms] [ERROR] WebSocket connection to 'ws://localhost:1314/livereload' failed: Error in connection establishment: net::ERR_CONNECTION_REFUSED @ http://localhost:1314/livereload.js?mindelay=10&v=2&port=1314&path=livereload:1
[32614571ms] [ERROR] WebSocket connection to 'ws://localhost:1314/livereload' failed: Error in connection establishment: net::ERR_CONNECTION_REFUSED @ http://localhost:1314/livereload.js?mindelay=10&v=2&port=1314&path=livereload:1
[32674577ms] [ERROR] WebSocket connection to 'ws://localhost:1314/livereload' failed: Error in connection establishment: net::ERR_CONNECTION_REFUSED @ http://localhost:1314/livereload.js?mindelay=10&v=2&port=1314&path=livereload:1
[32734583ms] [ERROR] WebSocket connection to 'ws://localhost:1314/livereload' failed: Error in connection establishment: net::ERR_CONNECTION_REFUSED @ http://localhost:1314/livereload.js?mindelay=10&v=2&port=1314&path=livereload:1
[32794591ms] [ERROR] WebSocket connection to 'ws://localhost:1314/livereload' failed: Error in connection establishment: net::ERR_CONNECTION_REFUSED @ http://localhost:1314/livereload.js?mindelay=10&v=2&port=1314&path=livereload:1
[32854598ms] [ERROR] WebSocket connection to 'ws://localhost:1314/livereload' failed: Error in connection establishment: net::ERR_CONNECTION_REFUSED @ http://localhost:1314/livereload.js?mindelay=10&v=2&port=1314&path=livereload:1
[32914605ms] [ERROR] WebSocket connection to 'ws://localhost:1314/livereload' failed: Error in connection establishment: net::ERR_CONNECTION_REFUSED @ http://localhost:1314/livereload.js?mindelay=10&v=2&port=1314&path=livereload:1
[32974613ms] [ERROR] WebSocket connection to 'ws://localhost:1314/livereload' failed: Error in connection establishment: net::ERR_CONNECTION_REFUSED @ http://localhost:1314/livereload.js?mindelay=10&v=2&port=1314&path=livereload:1
[33034619ms] [ERROR] WebSocket connection to 'ws://localhost:1314/livereload' failed: Error in connection establishment: net::ERR_CONNECTION_REFUSED @ http://localhost:1314/livereload.js?mindelay=10&v=2&port=1314&path=livereload:1
[33094624ms] [ERROR] WebSocket connection to 'ws://localhost:1314/livereload' failed: Error in connection establishment: net::ERR_CONNECTION_REFUSED @ http://localhost:1314/livereload.js?mindelay=10&v=2&port=1314&path=livereload:1
[33154628ms] [ERROR] WebSocket connection to 'ws://localhost:1314/livereload' failed: Error in connection establishment: net::ERR_CONNECTION_REFUSED @ http://localhost:1314/livereload.js?mindelay=10&v=2&port=1314&path=livereload:1
[33214633ms] [ERROR] WebSocket connection to 'ws://localhost:1314/livereload' failed: Error in connection establishment: net::ERR_CONNECTION_REFUSED @ http://localhost:1314/livereload.js?mindelay=10&v=2&port=1314&path=livereload:1
[33274641ms] [ERROR] WebSocket connection to 'ws://localhost:1314/livereload' failed: Error in connection establishment: net::ERR_CONNECTION_REFUSED @ http://localhost:1314/livereload.js?mindelay=10&v=2&port=1314&path=livereload:1
[33334649ms] [ERROR] WebSocket connection to 'ws://localhost:1314/livereload' failed: Error in connection establishment: net::ERR_CONNECTION_REFUSED @ http://localhost:1314/livereload.js?mindelay=10&v=2&port=1314&path=livereload:1
[33394656ms] [ERROR] WebSocket connection to 'ws://localhost:1314/livereload' failed: Error in connection establishment: net::ERR_CONNECTION_REFUSED @ http://localhost:1314/livereload.js?mindelay=10&v=2&port=1314&path=livereload:1
[33454663ms] [ERROR] WebSocket connection to 'ws://localhost:1314/livereload' failed: Error in connection establishment: net::ERR_CONNECTION_REFUSED @ http://localhost:1314/livereload.js?mindelay=10&v=2&port=1314&path=livereload:1
[33514670ms] [ERROR] WebSocket connection to 'ws://localhost:1314/livereload' failed: Error in connection establishment: net::ERR_CONNECTION_REFUSED @ http://localhost:1314/livereload.js?mindelay=10&v=2&port=1314&path=livereload:1
[33574671ms] [ERROR] WebSocket connection to 'ws://localhost:1314/livereload' failed: Error in connection establishment: net::ERR_CONNECTION_REFUSED @ http://localhost:1314/livereload.js?mindelay=10&v=2&port=1314&path=livereload:1
[33634675ms] [ERROR] WebSocket connection to 'ws://localhost:1314/livereload' failed: Error in connection establishment: net::ERR_CONNECTION_REFUSED @ http://localhost:1314/livereload.js?mindelay=10&v=2&port=1314&path=livereload:1
[33694682ms] [ERROR] WebSocket connection to 'ws://localhost:1314/livereload' failed: Error in connection establishment: net::ERR_CONNECTION_REFUSED @ http://localhost:1314/livereload.js?mindelay=10&v=2&port=1314&path=livereload:1
[33754690ms] [ERROR] WebSocket connection to 'ws://localhost:1314/livereload' failed: Error in connection establishment: net::ERR_CONNECTION_REFUSED @ http://localhost:1314/livereload.js?mindelay=10&v=2&port=1314&path=livereload:1
[33814696ms] [ERROR] WebSocket connection to 'ws://localhost:1314/livereload' failed: Error in connection establishment: net::ERR_CONNECTION_REFUSED @ http://localhost:1314/livereload.js?mindelay=10&v=2&port=1314&path=livereload:1
[33874702ms] [ERROR] WebSocket connection to 'ws://localhost:1314/livereload' failed: Error in connection establishment: net::ERR_CONNECTION_REFUSED @ http://localhost:1314/livereload.js?mindelay=10&v=2&port=1314&path=livereload:1
[33934708ms] [ERROR] WebSocket connection to 'ws://localhost:1314/livereload' failed: Error in connection establishment: net::ERR_CONNECTION_REFUSED @ http://localhost:1314/livereload.js?mindelay=10&v=2&port=1314&path=livereload:1
[33994715ms] [ERROR] WebSocket connection to 'ws://localhost:1314/livereload' failed: Error in connection establishment: net::ERR_CONNECTION_REFUSED @ http://localhost:1314/livereload.js?mindelay=10&v=2&port=1314&path=livereload:1
[34054722ms] [ERROR] WebSocket connection to 'ws://localhost:1314/livereload' failed: Error in connection establishment: net::ERR_CONNECTION_REFUSED @ http://localhost:1314/livereload.js?mindelay=10&v=2&port=1314&path=livereload:1
[34114726ms] [ERROR] WebSocket connection to 'ws://localhost:1314/livereload' failed: Error in connection establishment: net::ERR_CONNECTION_REFUSED @ http://localhost:1314/livereload.js?mindelay=10&v=2&port=1314&path=livereload:1
[34174735ms] [ERROR] WebSocket connection to 'ws://localhost:1314/livereload' failed: Error in connection establishment: net::ERR_CONNECTION_REFUSED @ http://localhost:1314/livereload.js?mindelay=10&v=2&port=1314&path=livereload:1
[34234739ms] [ERROR] WebSocket connection to 'ws://localhost:1314/livereload' failed: Error in connection establishment: net::ERR_CONNECTION_REFUSED @ http://localhost:1314/livereload.js?mindelay=10&v=2&port=1314&path=livereload:1
[34294745ms] [ERROR] WebSocket connection to 'ws://localhost:1314/livereload' failed: Error in connection establishment: net::ERR_CONNECTION_REFUSED @ http://localhost:1314/livereload.js?mindelay=10&v=2&port=1314&path=livereload:1
[34354752ms] [ERROR] WebSocket connection to 'ws://localhost:1314/livereload' failed: Error in connection establishment: net::ERR_CONNECTION_REFUSED @ http://localhost:1314/livereload.js?mindelay=10&v=2&port=1314&path=livereload:1
[34414758ms] [ERROR] WebSocket connection to 'ws://localhost:1314/livereload' failed: Error in connection establishment: net::ERR_CONNECTION_REFUSED @ http://localhost:1314/livereload.js?mindelay=10&v=2&port=1314&path=livereload:1
[34474765ms] [ERROR] WebSocket connection to 'ws://localhost:1314/livereload' failed: Error in connection establishment: net::ERR_CONNECTION_REFUSED @ http://localhost:1314/livereload.js?mindelay=10&v=2&port=1314&path=livereload:1
[34534768ms] [ERROR] WebSocket connection to 'ws://localhost:1314/livereload' failed: Error in connection establishment: net::ERR_CONNECTION_REFUSED @ http://localhost:1314/livereload.js?mindelay=10&v=2&port=1314&path=livereload:1
[34594774ms] [ERROR] WebSocket connection to 'ws://localhost:1314/livereload' failed: Error in connection establishment: net::ERR_CONNECTION_REFUSED @ http://localhost:1314/livereload.js?mindelay=10&v=2&port=1314&path=livereload:1
[34654797ms] [ERROR] WebSocket connection to 'ws://localhost:1314/livereload' failed: Error in connection establishment: net::ERR_CONNECTION_REFUSED @ http://localhost:1314/livereload.js?mindelay=10&v=2&port=1314&path=livereload:1
[34714822ms] [ERROR] WebSocket connection to 'ws://localhost:1314/livereload' failed: Error in connection establishment: net::ERR_CONNECTION_REFUSED @ http://localhost:1314/livereload.js?mindelay=10&v=2&port=1314&path=livereload:1
[34774829ms] [ERROR] WebSocket connection to 'ws://localhost:1314/livereload' failed: Error in connection establishment: net::ERR_CONNECTION_REFUSED @ http://localhost:1314/livereload.js?mindelay=10&v=2&port=1314&path=livereload:1
[34834835ms] [ERROR] WebSocket connection to 'ws://localhost:1314/livereload' failed: Error in connection establishment: net::ERR_CONNECTION_REFUSED @ http://localhost:1314/livereload.js?mindelay=10&v=2&port=1314&path=livereload:1
[34894844ms] [ERROR] WebSocket connection to 'ws://localhost:1314/livereload' failed: Error in connection establishment: net::ERR_CONNECTION_REFUSED @ http://localhost:1314/livereload.js?mindelay=10&v=2&port=1314&path=livereload:1
[34954850ms] [ERROR] WebSocket connection to 'ws://localhost:1314/livereload' failed: Error in connection establishment: net::ERR_CONNECTION_REFUSED @ http://localhost:1314/livereload.js?mindelay=10&v=2&port=1314&path=livereload:1
[35014854ms] [ERROR] WebSocket connection to 'ws://localhost:1314/livereload' failed: Error in connection establishment: net::ERR_CONNECTION_REFUSED @ http://localhost:1314/livereload.js?mindelay=10&v=2&port=1314&path=livereload:1
[35074862ms] [ERROR] WebSocket connection to 'ws://localhost:1314/livereload' failed: Error in connection establishment: net::ERR_CONNECTION_REFUSED @ http://localhost:1314/livereload.js?mindelay=10&v=2&port=1314&path=livereload:1
[35134867ms] [ERROR] WebSocket connection to 'ws://localhost:1314/livereload' failed: Error in connection establishment: net::ERR_CONNECTION_REFUSED @ http://localhost:1314/livereload.js?mindelay=10&v=2&port=1314&path=livereload:1
[35194874ms] [ERROR] WebSocket connection to 'ws://localhost:1314/livereload' failed: Error in connection establishment: net::ERR_CONNECTION_REFUSED @ http://localhost:1314/livereload.js?mindelay=10&v=2&port=1314&path=livereload:1
[35254882ms] [ERROR] WebSocket connection to 'ws://localhost:1314/livereload' failed: Error in connection establishment: net::ERR_CONNECTION_REFUSED @ http://localhost:1314/livereload.js?mindelay=10&v=2&port=1314&path=livereload:1
[35314888ms] [ERROR] WebSocket connection to 'ws://localhost:1314/livereload' failed: Error in connection establishment: net::ERR_CONNECTION_REFUSED @ http://localhost:1314/livereload.js?mindelay=10&v=2&port=1314&path=livereload:1
[35374893ms] [ERROR] WebSocket connection to 'ws://localhost:1314/livereload' failed: Error in connection establishment: net::ERR_CONNECTION_REFUSED @ http://localhost:1314/livereload.js?mindelay=10&v=2&port=1314&path=livereload:1
[35434899ms] [ERROR] WebSocket connection to 'ws://localhost:1314/livereload' failed: Error in connection establishment: net::ERR_CONNECTION_REFUSED @ http://localhost:1314/livereload.js?mindelay=10&v=2&port=1314&path=livereload:1
[35494906ms] [ERROR] WebSocket connection to 'ws://localhost:1314/livereload' failed: Error in connection establishment: net::ERR_CONNECTION_REFUSED @ http://localhost:1314/livereload.js?mindelay=10&v=2&port=1314&path=livereload:1
[35554912ms] [ERROR] WebSocket connection to 'ws://localhost:1314/livereload' failed: Error in connection establishment: net::ERR_CONNECTION_REFUSED @ http://localhost:1314/livereload.js?mindelay=10&v=2&port=1314&path=livereload:1
[35614918ms] [ERROR] WebSocket connection to 'ws://localhost:1314/livereload' failed: Error in connection establishment: net::ERR_CONNECTION_REFUSED @ http://localhost:1314/livereload.js?mindelay=10&v=2&port=1314&path=livereload:1
[35674916ms] [ERROR] WebSocket connection to 'ws://localhost:1314/livereload' failed: Error in connection establishment: net::ERR_CONNECTION_REFUSED @ http://localhost:1314/livereload.js?mindelay=10&v=2&port=1314&path=livereload:1
[35734905ms] [ERROR] WebSocket connection to 'ws://localhost:1314/livereload' failed: Error in connection establishment: net::ERR_CONNECTION_REFUSED @ http://localhost:1314/livereload.js?mindelay=10&v=2&port=1314&path=livereload:1
[35794912ms] [ERROR] WebSocket connection to 'ws://localhost:1314/livereload' failed: Error in connection establishment: net::ERR_CONNECTION_REFUSED @ http://localhost:1314/livereload.js?mindelay=10&v=2&port=1314&path=livereload:1
[35854920ms] [ERROR] WebSocket connection to 'ws://localhost:1314/livereload' failed: Error in connection establishment: net::ERR_CONNECTION_REFUSED @ http://localhost:1314/livereload.js?mindelay=10&v=2&port=1314&path=livereload:1
[35914929ms] [ERROR] WebSocket connection to 'ws://localhost:1314/livereload' failed: Error in connection establishment: net::ERR_CONNECTION_REFUSED @ http://localhost:1314/livereload.js?mindelay=10&v=2&port=1314&path=livereload:1
[35974936ms] [ERROR] WebSocket connection to 'ws://localhost:1314/livereload' failed: Error in connection establishment: net::ERR_CONNECTION_REFUSED @ http://localhost:1314/livereload.js?mindelay=10&v=2&port=1314&path=livereload:1
[36034944ms] [ERROR] WebSocket connection to 'ws://localhost:1314/livereload' failed: Error in connection establishment: net::ERR_CONNECTION_REFUSED @ http://localhost:1314/livereload.js?mindelay=10&v=2&port=1314&path=livereload:1
[36094951ms] [ERROR] WebSocket connection to 'ws://localhost:1314/livereload' failed: Error in connection establishment: net::ERR_CONNECTION_REFUSED @ http://localhost:1314/livereload.js?mindelay=10&v=2&port=1314&path=livereload:1
[36154961ms] [ERROR] WebSocket connection to 'ws://localhost:1314/livereload' failed: Error in connection establishment: net::ERR_CONNECTION_REFUSED @ http://localhost:1314/livereload.js?mindelay=10&v=2&port=1314&path=livereload:1
[36214968ms] [ERROR] WebSocket connection to 'ws://localhost:1314/livereload' failed: Error in connection establishment: net::ERR_CONNECTION_REFUSED @ http://localhost:1314/livereload.js?mindelay=10&v=2&port=1314&path=livereload:1
[36274974ms] [ERROR] WebSocket connection to 'ws://localhost:1314/livereload' failed: Error in connection establishment: net::ERR_CONNECTION_REFUSED @ http://localhost:1314/livereload.js?mindelay=10&v=2&port=1314&path=livereload:1
[36334980ms] [ERROR] WebSocket connection to 'ws://localhost:1314/livereload' failed: Error in connection establishment: net::ERR_CONNECTION_REFUSED @ http://localhost:1314/livereload.js?mindelay=10&v=2&port=1314&path=livereload:1
[36394989ms] [ERROR] WebSocket connection to 'ws://localhost:1314/livereload' failed: Error in connection establishment: net::ERR_CONNECTION_REFUSED @ http://localhost:1314/livereload.js?mindelay=10&v=2&port=1314&path=livereload:1
[36454995ms] [ERROR] WebSocket connection to 'ws://localhost:1314/livereload' failed: Error in connection establishment: net::ERR_CONNECTION_REFUSED @ http://localhost:1314/livereload.js?mindelay=10&v=2&port=1314&path=livereload:1
[36515001ms] [ERROR] WebSocket connection to 'ws://localhost:1314/livereload' failed: Error in connection establishment: net::ERR_CONNECTION_REFUSED @ http://localhost:1314/livereload.js?mindelay=10&v=2&port=1314&path=livereload:1
[36575008ms] [ERROR] WebSocket connection to 'ws://localhost:1314/livereload' failed: Error in connection establishment: net::ERR_CONNECTION_REFUSED @ http://localhost:1314/livereload.js?mindelay=10&v=2&port=1314&path=livereload:1
[36635015ms] [ERROR] WebSocket connection to 'ws://localhost:1314/livereload' failed: Error in connection establishment: net::ERR_CONNECTION_REFUSED @ http://localhost:1314/livereload.js?mindelay=10&v=2&port=1314&path=livereload:1
[36695024ms] [ERROR] WebSocket connection to 'ws://localhost:1314/livereload' failed: Error in connection establishment: net::ERR_CONNECTION_REFUSED @ http://localhost:1314/livereload.js?mindelay=10&v=2&port=1314&path=livereload:1
[36755023ms] [ERROR] WebSocket connection to 'ws://localhost:1314/livereload' failed: Error in connection establishment: net::ERR_CONNECTION_REFUSED @ http://localhost:1314/livereload.js?mindelay=10&v=2&port=1314&path=livereload:1
[36815027ms] [ERROR] WebSocket connection to 'ws://localhost:1314/livereload' failed: Error in connection establishment: net::ERR_CONNECTION_REFUSED @ http://localhost:1314/livereload.js?mindelay=10&v=2&port=1314&path=livereload:1
[36875033ms] [ERROR] WebSocket connection to 'ws://localhost:1314/livereload' failed: Error in connection establishment: net::ERR_CONNECTION_REFUSED @ http://localhost:1314/livereload.js?mindelay=10&v=2&port=1314&path=livereload:1
[36935041ms] [ERROR] WebSocket connection to 'ws://localhost:1314/livereload' failed: Error in connection establishment: net::ERR_CONNECTION_REFUSED @ http://localhost:1314/livereload.js?mindelay=10&v=2&port=1314&path=livereload:1
[36995046ms] [ERROR] WebSocket connection to 'ws://localhost:1314/livereload' failed: Error in connection establishment: net::ERR_CONNECTION_REFUSED @ http://localhost:1314/livereload.js?mindelay=10&v=2&port=1314&path=livereload:1
[37055052ms] [ERROR] WebSocket connection to 'ws://localhost:1314/livereload' failed: Error in connection establishment: net::ERR_CONNECTION_REFUSED @ http://localhost:1314/livereload.js?mindelay=10&v=2&port=1314&path=livereload:1
[37115056ms] [ERROR] WebSocket connection to 'ws://localhost:1314/livereload' failed: Error in connection establishment: net::ERR_CONNECTION_REFUSED @ http://localhost:1314/livereload.js?mindelay=10&v=2&port=1314&path=livereload:1
[37175063ms] [ERROR] WebSocket connection to 'ws://localhost:1314/livereload' failed: Error in connection establishment: net::ERR_CONNECTION_REFUSED @ http://localhost:1314/livereload.js?mindelay=10&v=2&port=1314&path=livereload:1
[37235067ms] [ERROR] WebSocket connection to 'ws://localhost:1314/livereload' failed: Error in connection establishment: net::ERR_CONNECTION_REFUSED @ http://localhost:1314/livereload.js?mindelay=10&v=2&port=1314&path=livereload:1
[37295072ms] [ERROR] WebSocket connection to 'ws://localhost:1314/livereload' failed: Error in connection establishment: net::ERR_CONNECTION_REFUSED @ http://localhost:1314/livereload.js?mindelay=10&v=2&port=1314&path=livereload:1
[37355080ms] [ERROR] WebSocket connection to 'ws://localhost:1314/livereload' failed: Error in connection establishment: net::ERR_CONNECTION_REFUSED @ http://localhost:1314/livereload.js?mindelay=10&v=2&port=1314&path=livereload:1
[37415083ms] [ERROR] WebSocket connection to 'ws://localhost:1314/livereload' failed: Error in connection establishment: net::ERR_CONNECTION_REFUSED @ http://localhost:1314/livereload.js?mindelay=10&v=2&port=1314&path=livereload:1
[37475090ms] [ERROR] WebSocket connection to 'ws://localhost:1314/livereload' failed: Error in connection establishment: net::ERR_CONNECTION_REFUSED @ http://localhost:1314/livereload.js?mindelay=10&v=2&port=1314&path=livereload:1
[37535098ms] [ERROR] WebSocket connection to 'ws://localhost:1314/livereload' failed: Error in connection establishment: net::ERR_CONNECTION_REFUSED @ http://localhost:1314/livereload.js?mindelay=10&v=2&port=1314&path=livereload:1
[37595105ms] [ERROR] WebSocket connection to 'ws://localhost:1314/livereload' failed: Error in connection establishment: net::ERR_CONNECTION_REFUSED @ http://localhost:1314/livereload.js?mindelay=10&v=2&port=1314&path=livereload:1
[37655109ms] [ERROR] WebSocket connection to 'ws://localhost:1314/livereload' failed: Error in connection establishment: net::ERR_CONNECTION_REFUSED @ http://localhost:1314/livereload.js?mindelay=10&v=2&port=1314&path=livereload:1
[37715116ms] [ERROR] WebSocket connection to 'ws://localhost:1314/livereload' failed: Error in connection establishment: net::ERR_CONNECTION_REFUSED @ http://localhost:1314/livereload.js?mindelay=10&v=2&port=1314&path=livereload:1
[37775121ms] [ERROR] WebSocket connection to 'ws://localhost:1314/livereload' failed: Error in connection establishment: net::ERR_CONNECTION_REFUSED @ http://localhost:1314/livereload.js?mindelay=10&v=2&port=1314&path=livereload:1
[37835141ms] [ERROR] WebSocket connection to 'ws://localhost:1314/livereload' failed: Error in connection establishment: net::ERR_CONNECTION_REFUSED @ http://localhost:1314/livereload.js?mindelay=10&v=2&port=1314&path=livereload:1
[37895153ms] [ERROR] WebSocket connection to 'ws://localhost:1314/livereload' failed: Error in connection establishment: net::ERR_CONNECTION_REFUSED @ http://localhost:1314/livereload.js?mindelay=10&v=2&port=1314&path=livereload:1
[37955161ms] [ERROR] WebSocket connection to 'ws://localhost:1314/livereload' failed: Error in connection establishment: net::ERR_CONNECTION_REFUSED @ http://localhost:1314/livereload.js?mindelay=10&v=2&port=1314&path=livereload:1
[38015168ms] [ERROR] WebSocket connection to 'ws://localhost:1314/livereload' failed: Error in connection establishment: net::ERR_CONNECTION_REFUSED @ http://localhost:1314/livereload.js?mindelay=10&v=2&port=1314&path=livereload:1
[38075174ms] [ERROR] WebSocket connection to 'ws://localhost:1314/livereload' failed: Error in connection establishment: net::ERR_CONNECTION_REFUSED @ http://localhost:1314/livereload.js?mindelay=10&v=2&port=1314&path=livereload:1
[38135180ms] [ERROR] WebSocket connection to 'ws://localhost:1314/livereload' failed: Error in connection establishment: net::ERR_CONNECTION_REFUSED @ http://localhost:1314/livereload.js?mindelay=10&v=2&port=1314&path=livereload:1
[38195186ms] [ERROR] WebSocket connection to 'ws://localhost:1314/livereload' failed: Error in connection establishment: net::ERR_CONNECTION_REFUSED @ http://localhost:1314/livereload.js?mindelay=10&v=2&port=1314&path=livereload:1
[38255192ms] [ERROR] WebSocket connection to 'ws://localhost:1314/livereload' failed: Error in connection establishment: net::ERR_CONNECTION_REFUSED @ http://localhost:1314/livereload.js?mindelay=10&v=2&port=1314&path=livereload:1
[38315201ms] [ERROR] WebSocket connection to 'ws://localhost:1314/livereload' failed: Error in connection establishment: net::ERR_CONNECTION_REFUSED @ http://localhost:1314/livereload.js?mindelay=10&v=2&port=1314&path=livereload:1
[38375206ms] [ERROR] WebSocket connection to 'ws://localhost:1314/livereload' failed: Error in connection establishment: net::ERR_CONNECTION_REFUSED @ http://localhost:1314/livereload.js?mindelay=10&v=2&port=1314&path=livereload:1
[38435214ms] [ERROR] WebSocket connection to 'ws://localhost:1314/livereload' failed: Error in connection establishment: net::ERR_CONNECTION_REFUSED @ http://localhost:1314/livereload.js?mindelay=10&v=2&port=1314&path=livereload:1
[38495219ms] [ERROR] WebSocket connection to 'ws://localhost:1314/livereload' failed: Error in connection establishment: net::ERR_CONNECTION_REFUSED @ http://localhost:1314/livereload.js?mindelay=10&v=2&port=1314&path=livereload:1
[38555225ms] [ERROR] WebSocket connection to 'ws://localhost:1314/livereload' failed: Error in connection establishment: net::ERR_CONNECTION_REFUSED @ http://localhost:1314/livereload.js?mindelay=10&v=2&port=1314&path=livereload:1
[38615229ms] [ERROR] WebSocket connection to 'ws://localhost:1314/livereload' failed: Error in connection establishment: net::ERR_CONNECTION_REFUSED @ http://localhost:1314/livereload.js?mindelay=10&v=2&port=1314&path=livereload:1
[38675236ms] [ERROR] WebSocket connection to 'ws://localhost:1314/livereload' failed: Error in connection establishment: net::ERR_CONNECTION_REFUSED @ http://localhost:1314/livereload.js?mindelay=10&v=2&port=1314&path=livereload:1
[38735243ms] [ERROR] WebSocket connection to 'ws://localhost:1314/livereload' failed: Error in connection establishment: net::ERR_CONNECTION_REFUSED @ http://localhost:1314/livereload.js?mindelay=10&v=2&port=1314&path=livereload:1
[38795250ms] [ERROR] WebSocket connection to 'ws://localhost:1314/livereload' failed: Error in connection establishment: net::ERR_CONNECTION_REFUSED @ http://localhost:1314/livereload.js?mindelay=10&v=2&port=1314&path=livereload:1
[38855256ms] [ERROR] WebSocket connection to 'ws://localhost:1314/livereload' failed: Error in connection establishment: net::ERR_CONNECTION_REFUSED @ http://localhost:1314/livereload.js?mindelay=10&v=2&port=1314&path=livereload:1
[38915256ms] [ERROR] WebSocket connection to 'ws://localhost:1314/livereload' failed: Error in connection establishment: net::ERR_CONNECTION_REFUSED @ http://localhost:1314/livereload.js?mindelay=10&v=2&port=1314&path=livereload:1
[38975262ms] [ERROR] WebSocket connection to 'ws://localhost:1314/livereload' failed: Error in connection establishment: net::ERR_CONNECTION_REFUSED @ http://localhost:1314/livereload.js?mindelay=10&v=2&port=1314&path=livereload:1
[39035268ms] [ERROR] WebSocket connection to 'ws://localhost:1314/livereload' failed: Error in connection establishment: net::ERR_CONNECTION_REFUSED @ http://localhost:1314/livereload.js?mindelay=10&v=2&port=1314&path=livereload:1
[39095274ms] [ERROR] WebSocket connection to 'ws://localhost:1314/livereload' failed: Error in connection establishment: net::ERR_CONNECTION_REFUSED @ http://localhost:1314/livereload.js?mindelay=10&v=2&port=1314&path=livereload:1
[39155281ms] [ERROR] WebSocket connection to 'ws://localhost:1314/livereload' failed: Error in connection establishment: net::ERR_CONNECTION_REFUSED @ http://localhost:1314/livereload.js?mindelay=10&v=2&port=1314&path=livereload:1
[39215289ms] [ERROR] WebSocket connection to 'ws://localhost:1314/livereload' failed: Error in connection establishment: net::ERR_CONNECTION_REFUSED @ http://localhost:1314/livereload.js?mindelay=10&v=2&port=1314&path=livereload:1
[39275302ms] [ERROR] WebSocket connection to 'ws://localhost:1314/livereload' failed: Error in connection establishment: net::ERR_CONNECTION_REFUSED @ http://localhost:1314/livereload.js?mindelay=10&v=2&port=1314&path=livereload:1
[39335307ms] [ERROR] WebSocket connection to 'ws://localhost:1314/livereload' failed: Error in connection establishment: net::ERR_CONNECTION_REFUSED @ http://localhost:1314/livereload.js?mindelay=10&v=2&port=1314&path=livereload:1
[39395312ms] [ERROR] WebSocket connection to 'ws://localhost:1314/livereload' failed: Error in connection establishment: net::ERR_CONNECTION_REFUSED @ http://localhost:1314/livereload.js?mindelay=10&v=2&port=1314&path=livereload:1
[39455318ms] [ERROR] WebSocket connection to 'ws://localhost:1314/livereload' failed: Error in connection establishment: net::ERR_CONNECTION_REFUSED @ http://localhost:1314/livereload.js?mindelay=10&v=2&port=1314&path=livereload:1
[39515326ms] [ERROR] WebSocket connection to 'ws://localhost:1314/livereload' failed: Error in connection establishment: net::ERR_CONNECTION_REFUSED @ http://localhost:1314/livereload.js?mindelay=10&v=2&port=1314&path=livereload:1
[39575330ms] [ERROR] WebSocket connection to 'ws://localhost:1314/livereload' failed: Error in connection establishment: net::ERR_CONNECTION_REFUSED @ http://localhost:1314/livereload.js?mindelay=10&v=2&port=1314&path=livereload:1
[39635337ms] [ERROR] WebSocket connection to 'ws://localhost:1314/livereload' failed: Error in connection establishment: net::ERR_CONNECTION_REFUSED @ http://localhost:1314/livereload.js?mindelay=10&v=2&port=1314&path=livereload:1
[39695343ms] [ERROR] WebSocket connection to 'ws://localhost:1314/livereload' failed: Error in connection establishment: net::ERR_CONNECTION_REFUSED @ http://localhost:1314/livereload.js?mindelay=10&v=2&port=1314&path=livereload:1
[39755350ms] [ERROR] WebSocket connection to 'ws://localhost:1314/livereload' failed: Error in connection establishment: net::ERR_CONNECTION_REFUSED @ http://localhost:1314/livereload.js?mindelay=10&v=2&port=1314&path=livereload:1
[39815357ms] [ERROR] WebSocket connection to 'ws://localhost:1314/livereload' failed: Error in connection establishment: net::ERR_CONNECTION_REFUSED @ http://localhost:1314/livereload.js?mindelay=10&v=2&port=1314&path=livereload:1
[39875365ms] [ERROR] WebSocket connection to 'ws://localhost:1314/livereload' failed: Error in connection establishment: net::ERR_CONNECTION_REFUSED @ http://localhost:1314/livereload.js?mindelay=10&v=2&port=1314&path=livereload:1
[39935370ms] [ERROR] WebSocket connection to 'ws://localhost:1314/livereload' failed: Error in connection establishment: net::ERR_CONNECTION_REFUSED @ http://localhost:1314/livereload.js?mindelay=10&v=2&port=1314&path=livereload:1
[39995414ms] [ERROR] WebSocket connection to 'ws://localhost:1314/livereload' failed: Error in connection establishment: net::ERR_CONNECTION_REFUSED @ http://localhost:1314/livereload.js?mindelay=10&v=2&port=1314&path=livereload:1
[40055420ms] [ERROR] WebSocket connection to 'ws://localhost:1314/livereload' failed: Error in connection establishment: net::ERR_CONNECTION_REFUSED @ http://localhost:1314/livereload.js?mindelay=10&v=2&port=1314&path=livereload:1
[40115426ms] [ERROR] WebSocket connection to 'ws://localhost:1314/livereload' failed: Error in connection establishment: net::ERR_CONNECTION_REFUSED @ http://localhost:1314/livereload.js?mindelay=10&v=2&port=1314&path=livereload:1
[40175433ms] [ERROR] WebSocket connection to 'ws://localhost:1314/livereload' failed: Error in connection establishment: net::ERR_CONNECTION_REFUSED @ http://localhost:1314/livereload.js?mindelay=10&v=2&port=1314&path=livereload:1
[40235439ms] [ERROR] WebSocket connection to 'ws://localhost:1314/livereload' failed: Error in connection establishment: net::ERR_CONNECTION_REFUSED @ http://localhost:1314/livereload.js?mindelay=10&v=2&port=1314&path=livereload:1
[40295444ms] [ERROR] WebSocket connection to 'ws://localhost:1314/livereload' failed: Error in connection establishment: net::ERR_CONNECTION_REFUSED @ http://localhost:1314/livereload.js?mindelay=10&v=2&port=1314&path=livereload:1
[40355452ms] [ERROR] WebSocket connection to 'ws://localhost:1314/livereload' failed: Error in connection establishment: net::ERR_CONNECTION_REFUSED @ http://localhost:1314/livereload.js?mindelay=10&v=2&port=1314&path=livereload:1
[40415459ms] [ERROR] WebSocket connection to 'ws://localhost:1314/livereload' failed: Error in connection establishment: net::ERR_CONNECTION_REFUSED @ http://localhost:1314/livereload.js?mindelay=10&v=2&port=1314&path=livereload:1
[40475466ms] [ERROR] WebSocket connection to 'ws://localhost:1314/livereload' failed: Error in connection establishment: net::ERR_CONNECTION_REFUSED @ http://localhost:1314/livereload.js?mindelay=10&v=2&port=1314&path=livereload:1
[40535473ms] [ERROR] WebSocket connection to 'ws://localhost:1314/livereload' failed: Error in connection establishment: net::ERR_CONNECTION_REFUSED @ http://localhost:1314/livereload.js?mindelay=10&v=2&port=1314&path=livereload:1
[40595480ms] [ERROR] WebSocket connection to 'ws://localhost:1314/livereload' failed: Error in connection establishment: net::ERR_CONNECTION_REFUSED @ http://localhost:1314/livereload.js?mindelay=10&v=2&port=1314&path=livereload:1
[40655487ms] [ERROR] WebSocket connection to 'ws://localhost:1314/livereload' failed: Error in connection establishment: net::ERR_CONNECTION_REFUSED @ http://localhost:1314/livereload.js?mindelay=10&v=2&port=1314&path=livereload:1
[40715493ms] [ERROR] WebSocket connection to 'ws://localhost:1314/livereload' failed: Error in connection establishment: net::ERR_CONNECTION_REFUSED @ http://localhost:1314/livereload.js?mindelay=10&v=2&port=1314&path=livereload:1
[40775500ms] [ERROR] WebSocket connection to 'ws://localhost:1314/livereload' failed: Error in connection establishment: net::ERR_CONNECTION_REFUSED @ http://localhost:1314/livereload.js?mindelay=10&v=2&port=1314&path=livereload:1
[40835506ms] [ERROR] WebSocket connection to 'ws://localhost:1314/livereload' failed: Error in connection establishment: net::ERR_CONNECTION_REFUSED @ http://localhost:1314/livereload.js?mindelay=10&v=2&port=1314&path=livereload:1
[40895514ms] [ERROR] WebSocket connection to 'ws://localhost:1314/livereload' failed: Error in connection establishment: net::ERR_CONNECTION_REFUSED @ http://localhost:1314/livereload.js?mindelay=10&v=2&port=1314&path=livereload:1
[40955521ms] [ERROR] WebSocket connection to 'ws://localhost:1314/livereload' failed: Error in connection establishment: net::ERR_CONNECTION_REFUSED @ http://localhost:1314/livereload.js?mindelay=10&v=2&port=1314&path=livereload:1
[41015524ms] [ERROR] WebSocket connection to 'ws://localhost:1314/livereload' failed: Error in connection establishment: net::ERR_CONNECTION_REFUSED @ http://localhost:1314/livereload.js?mindelay=10&v=2&port=1314&path=livereload:1
[41075531ms] [ERROR] WebSocket connection to 'ws://localhost:1314/livereload' failed: Error in connection establishment: net::ERR_CONNECTION_REFUSED @ http://localhost:1314/livereload.js?mindelay=10&v=2&port=1314&path=livereload:1
[41135537ms] [ERROR] WebSocket connection to 'ws://localhost:1314/livereload' failed: Error in connection establishment: net::ERR_CONNECTION_REFUSED @ http://localhost:1314/livereload.js?mindelay=10&v=2&port=1314&path=livereload:1
[41195544ms] [ERROR] WebSocket connection to 'ws://localhost:1314/livereload' failed: Error in connection establishment: net::ERR_CONNECTION_REFUSED @ http://localhost:1314/livereload.js?mindelay=10&v=2&port=1314&path=livereload:1
[41255552ms] [ERROR] WebSocket connection to 'ws://localhost:1314/livereload' failed: Error in connection establishment: net::ERR_CONNECTION_REFUSED @ http://localhost:1314/livereload.js?mindelay=10&v=2&port=1314&path=livereload:1
[41315559ms] [ERROR] WebSocket connection to 'ws://localhost:1314/livereload' failed: Error in connection establishment: net::ERR_CONNECTION_REFUSED @ http://localhost:1314/livereload.js?mindelay=10&v=2&port=1314&path=livereload:1
[41375568ms] [ERROR] WebSocket connection to 'ws://localhost:1314/livereload' failed: Error in connection establishment: net::ERR_CONNECTION_REFUSED @ http://localhost:1314/livereload.js?mindelay=10&v=2&port=1314&path=livereload:1
[41435576ms] [ERROR] WebSocket connection to 'ws://localhost:1314/livereload' failed: Error in connection establishment: net::ERR_CONNECTION_REFUSED @ http://localhost:1314/livereload.js?mindelay=10&v=2&port=1314&path=livereload:1
[41495582ms] [ERROR] WebSocket connection to 'ws://localhost:1314/livereload' failed: Error in connection establishment: net::ERR_CONNECTION_REFUSED @ http://localhost:1314/livereload.js?mindelay=10&v=2&port=1314&path=livereload:1
[41555591ms] [ERROR] WebSocket connection to 'ws://localhost:1314/livereload' failed: Error in connection establishment: net::ERR_CONNECTION_REFUSED @ http://localhost:1314/livereload.js?mindelay=10&v=2&port=1314&path=livereload:1
[41615597ms] [ERROR] WebSocket connection to 'ws://localhost:1314/livereload' failed: Error in connection establishment: net::ERR_CONNECTION_REFUSED @ http://localhost:1314/livereload.js?mindelay=10&v=2&port=1314&path=livereload:1
[41675604ms] [ERROR] WebSocket connection to 'ws://localhost:1314/livereload' failed: Error in connection establishment: net::ERR_CONNECTION_REFUSED @ http://localhost:1314/livereload.js?mindelay=10&v=2&port=1314&path=livereload:1
[41735610ms] [ERROR] WebSocket connection to 'ws://localhost:1314/livereload' failed: Error in connection establishment: net::ERR_CONNECTION_REFUSED @ http://localhost:1314/livereload.js?mindelay=10&v=2&port=1314&path=livereload:1
[41795616ms] [ERROR] WebSocket connection to 'ws://localhost:1314/livereload' failed: Error in connection establishment: net::ERR_CONNECTION_REFUSED @ http://localhost:1314/livereload.js?mindelay=10&v=2&port=1314&path=livereload:1
[41855623ms] [ERROR] WebSocket connection to 'ws://localhost:1314/livereload' failed: Error in connection establishment: net::ERR_CONNECTION_REFUSED @ http://localhost:1314/livereload.js?mindelay=10&v=2&port=1314&path=livereload:1
[41915632ms] [ERROR] WebSocket connection to 'ws://localhost:1314/livereload' failed: Error in connection establishment: net::ERR_CONNECTION_REFUSED @ http://localhost:1314/livereload.js?mindelay=10&v=2&port=1314&path=livereload:1
[41975639ms] [ERROR] WebSocket connection to 'ws://localhost:1314/livereload' failed: Error in connection establishment: net::ERR_CONNECTION_REFUSED @ http://localhost:1314/livereload.js?mindelay=10&v=2&port=1314&path=livereload:1
[42035657ms] [ERROR] WebSocket connection to 'ws://localhost:1314/livereload' failed: Error in connection establishment: net::ERR_CONNECTION_REFUSED @ http://localhost:1314/livereload.js?mindelay=10&v=2&port=1314&path=livereload:1
[42095677ms] [ERROR] WebSocket connection to 'ws://localhost:1314/livereload' failed: Error in connection establishment: net::ERR_CONNECTION_REFUSED @ http://localhost:1314/livereload.js?mindelay=10&v=2&port=1314&path=livereload:1
[42155685ms] [ERROR] WebSocket connection to 'ws://localhost:1314/livereload' failed: Error in connection establishment: net::ERR_CONNECTION_REFUSED @ http://localhost:1314/livereload.js?mindelay=10&v=2&port=1314&path=livereload:1
[42215693ms] [ERROR] WebSocket connection to 'ws://localhost:1314/livereload' failed: Error in connection establishment: net::ERR_CONNECTION_REFUSED @ http://localhost:1314/livereload.js?mindelay=10&v=2&port=1314&path=livereload:1
[42275697ms] [ERROR] WebSocket connection to 'ws://localhost:1314/livereload' failed: Error in connection establishment: net::ERR_CONNECTION_REFUSED @ http://localhost:1314/livereload.js?mindelay=10&v=2&port=1314&path=livereload:1
[42335703ms] [ERROR] WebSocket connection to 'ws://localhost:1314/livereload' failed: Error in connection establishment: net::ERR_CONNECTION_REFUSED @ http://localhost:1314/livereload.js?mindelay=10&v=2&port=1314&path=livereload:1
[42395712ms] [ERROR] WebSocket connection to 'ws://localhost:1314/livereload' failed: Error in connection establishment: net::ERR_CONNECTION_REFUSED @ http://localhost:1314/livereload.js?mindelay=10&v=2&port=1314&path=livereload:1
[42455719ms] [ERROR] WebSocket connection to 'ws://localhost:1314/livereload' failed: Error in connection establishment: net::ERR_CONNECTION_REFUSED @ http://localhost:1314/livereload.js?mindelay=10&v=2&port=1314&path=livereload:1
[42515725ms] [ERROR] WebSocket connection to 'ws://localhost:1314/livereload' failed: Error in connection establishment: net::ERR_CONNECTION_REFUSED @ http://localhost:1314/livereload.js?mindelay=10&v=2&port=1314&path=livereload:1
[42575734ms] [ERROR] WebSocket connection to 'ws://localhost:1314/livereload' failed: Error in connection establishment: net::ERR_CONNECTION_REFUSED @ http://localhost:1314/livereload.js?mindelay=10&v=2&port=1314&path=livereload:1
[42635744ms] [ERROR] WebSocket connection to 'ws://localhost:1314/livereload' failed: Error in connection establishment: net::ERR_CONNECTION_REFUSED @ http://localhost:1314/livereload.js?mindelay=10&v=2&port=1314&path=livereload:1
[42695752ms] [ERROR] WebSocket connection to 'ws://localhost:1314/livereload' failed: Error in connection establishment: net::ERR_CONNECTION_REFUSED @ http://localhost:1314/livereload.js?mindelay=10&v=2&port=1314&path=livereload:1
[42755763ms] [ERROR] WebSocket connection to 'ws://localhost:1314/livereload' failed: Error in connection establishment: net::ERR_CONNECTION_REFUSED @ http://localhost:1314/livereload.js?mindelay=10&v=2&port=1314&path=livereload:1
[42815771ms] [ERROR] WebSocket connection to 'ws://localhost:1314/livereload' failed: Error in connection establishment: net::ERR_CONNECTION_REFUSED @ http://localhost:1314/livereload.js?mindelay=10&v=2&port=1314&path=livereload:1
[42875778ms] [ERROR] WebSocket connection to 'ws://localhost:1314/livereload' failed: Error in connection establishment: net::ERR_CONNECTION_REFUSED @ http://localhost:1314/livereload.js?mindelay=10&v=2&port=1314&path=livereload:1
[42935786ms] [ERROR] WebSocket connection to 'ws://localhost:1314/livereload' failed: Error in connection establishment: net::ERR_CONNECTION_REFUSED @ http://localhost:1314/livereload.js?mindelay=10&v=2&port=1314&path=livereload:1
[42995792ms] [ERROR] WebSocket connection to 'ws://localhost:1314/livereload' failed: Error in connection establishment: net::ERR_CONNECTION_REFUSED @ http://localhost:1314/livereload.js?mindelay=10&v=2&port=1314&path=livereload:1
[43055773ms] [ERROR] WebSocket connection to 'ws://localhost:1314/livereload' failed: Error in connection establishment: net::ERR_CONNECTION_REFUSED @ http://localhost:1314/livereload.js?mindelay=10&v=2&port=1314&path=livereload:1
[43115772ms] [ERROR] WebSocket connection to 'ws://localhost:1314/livereload' failed: Error in connection establishment: net::ERR_CONNECTION_REFUSED @ http://localhost:1314/livereload.js?mindelay=10&v=2&port=1314&path=livereload:1
[43175776ms] [ERROR] WebSocket connection to 'ws://localhost:1314/livereload' failed: Error in connection establishment: net::ERR_CONNECTION_REFUSED @ http://localhost:1314/livereload.js?mindelay=10&v=2&port=1314&path=livereload:1
[43235783ms] [ERROR] WebSocket connection to 'ws://localhost:1314/livereload' failed: Error in connection establishment: net::ERR_CONNECTION_REFUSED @ http://localhost:1314/livereload.js?mindelay=10&v=2&port=1314&path=livereload:1
[43295788ms] [ERROR] WebSocket connection to 'ws://localhost:1314/livereload' failed: Error in connection establishment: net::ERR_CONNECTION_REFUSED @ http://localhost:1314/livereload.js?mindelay=10&v=2&port=1314&path=livereload:1
[43355795ms] [ERROR] WebSocket connection to 'ws://localhost:1314/livereload' failed: Error in connection establishment: net::ERR_CONNECTION_REFUSED @ http://localhost:1314/livereload.js?mindelay=10&v=2&port=1314&path=livereload:1
[43415802ms] [ERROR] WebSocket connection to 'ws://localhost:1314/livereload' failed: Error in connection establishment: net::ERR_CONNECTION_REFUSED @ http://localhost:1314/livereload.js?mindelay=10&v=2&port=1314&path=livereload:1
[43475811ms] [ERROR] WebSocket connection to 'ws://localhost:1314/livereload' failed: Error in connection establishment: net::ERR_CONNECTION_REFUSED @ http://localhost:1314/livereload.js?mindelay=10&v=2&port=1314&path=livereload:1
[43535818ms] [ERROR] WebSocket connection to 'ws://localhost:1314/livereload' failed: Error in connection establishment: net::ERR_CONNECTION_REFUSED @ http://localhost:1314/livereload.js?mindelay=10&v=2&port=1314&path=livereload:1
[43595826ms] [ERROR] WebSocket connection to 'ws://localhost:1314/livereload' failed: Error in connection establishment: net::ERR_CONNECTION_REFUSED @ http://localhost:1314/livereload.js?mindelay=10&v=2&port=1314&path=livereload:1
[43655832ms] [ERROR] WebSocket connection to 'ws://localhost:1314/livereload' failed: Error in connection establishment: net::ERR_CONNECTION_REFUSED @ http://localhost:1314/livereload.js?mindelay=10&v=2&port=1314&path=livereload:1
[43715838ms] [ERROR] WebSocket connection to 'ws://localhost:1314/livereload' failed: Error in connection establishment: net::ERR_CONNECTION_REFUSED @ http://localhost:1314/livereload.js?mindelay=10&v=2&port=1314&path=livereload:1
[43775845ms] [ERROR] WebSocket connection to 'ws://localhost:1314/livereload' failed: Error in connection establishment: net::ERR_CONNECTION_REFUSED @ http://localhost:1314/livereload.js?mindelay=10&v=2&port=1314&path=livereload:1
[43835852ms] [ERROR] WebSocket connection to 'ws://localhost:1314/livereload' failed: Error in connection establishment: net::ERR_CONNECTION_REFUSED @ http://localhost:1314/livereload.js?mindelay=10&v=2&port=1314&path=livereload:1
[43895859ms] [ERROR] WebSocket connection to 'ws://localhost:1314/livereload' failed: Error in connection establishment: net::ERR_CONNECTION_REFUSED @ http://localhost:1314/livereload.js?mindelay=10&v=2&port=1314&path=livereload:1
[43955863ms] [ERROR] WebSocket connection to 'ws://localhost:1314/livereload' failed: Error in connection establishment: net::ERR_CONNECTION_REFUSED @ http://localhost:1314/livereload.js?mindelay=10&v=2&port=1314&path=livereload:1
[44015871ms] [ERROR] WebSocket connection to 'ws://localhost:1314/livereload' failed: Error in connection establishment: net::ERR_CONNECTION_REFUSED @ http://localhost:1314/livereload.js?mindelay=10&v=2&port=1314&path=livereload:1
[44075877ms] [ERROR] WebSocket connection to 'ws://localhost:1314/livereload' failed: Error in connection establishment: net::ERR_CONNECTION_REFUSED @ http://localhost:1314/livereload.js?mindelay=10&v=2&port=1314&path=livereload:1
[44135906ms] [ERROR] WebSocket connection to 'ws://localhost:1314/livereload' failed: Error in connection establishment: net::ERR_CONNECTION_REFUSED @ http://localhost:1314/livereload.js?mindelay=10&v=2&port=1314&path=livereload:1
[44195917ms] [ERROR] WebSocket connection to 'ws://localhost:1314/livereload' failed: Error in connection establishment: net::ERR_CONNECTION_REFUSED @ http://localhost:1314/livereload.js?mindelay=10&v=2&port=1314&path=livereload:1
[44255923ms] [ERROR] WebSocket connection to 'ws://localhost:1314/livereload' failed: Error in connection establishment: net::ERR_CONNECTION_REFUSED @ http://localhost:1314/livereload.js?mindelay=10&v=2&port=1314&path=livereload:1
[44315930ms] [ERROR] WebSocket connection to 'ws://localhost:1314/livereload' failed: Error in connection establishment: net::ERR_CONNECTION_REFUSED @ http://localhost:1314/livereload.js?mindelay=10&v=2&port=1314&path=livereload:1
[44375937ms] [ERROR] WebSocket connection to 'ws://localhost:1314/livereload' failed: Error in connection establishment: net::ERR_CONNECTION_REFUSED @ http://localhost:1314/livereload.js?mindelay=10&v=2&port=1314&path=livereload:1
[44435945ms] [ERROR] WebSocket connection to 'ws://localhost:1314/livereload' failed: Error in connection establishment: net::ERR_CONNECTION_REFUSED @ http://localhost:1314/livereload.js?mindelay=10&v=2&port=1314&path=livereload:1
[44495952ms] [ERROR] WebSocket connection to 'ws://localhost:1314/livereload' failed: Error in connection establishment: net::ERR_CONNECTION_REFUSED @ http://localhost:1314/livereload.js?mindelay=10&v=2&port=1314&path=livereload:1
[44555958ms] [ERROR] WebSocket connection to 'ws://localhost:1314/livereload' failed: Error in connection establishment: net::ERR_CONNECTION_REFUSED @ http://localhost:1314/livereload.js?mindelay=10&v=2&port=1314&path=livereload:1
[44615968ms] [ERROR] WebSocket connection to 'ws://localhost:1314/livereload' failed: Error in connection establishment: net::ERR_CONNECTION_REFUSED @ http://localhost:1314/livereload.js?mindelay=10&v=2&port=1314&path=livereload:1
[44675976ms] [ERROR] WebSocket connection to 'ws://localhost:1314/livereload' failed: Error in connection establishment: net::ERR_CONNECTION_REFUSED @ http://localhost:1314/livereload.js?mindelay=10&v=2&port=1314&path=livereload:1
[44735982ms] [ERROR] WebSocket connection to 'ws://localhost:1314/livereload' failed: Error in connection establishment: net::ERR_CONNECTION_REFUSED @ http://localhost:1314/livereload.js?mindelay=10&v=2&port=1314&path=livereload:1
[44795987ms] [ERROR] WebSocket connection to 'ws://localhost:1314/livereload' failed: Error in connection establishment: net::ERR_CONNECTION_REFUSED @ http://localhost:1314/livereload.js?mindelay=10&v=2&port=1314&path=livereload:1
[44855994ms] [ERROR] WebSocket connection to 'ws://localhost:1314/livereload' failed: Error in connection establishment: net::ERR_CONNECTION_REFUSED @ http://localhost:1314/livereload.js?mindelay=10&v=2&port=1314&path=livereload:1
[44915998ms] [ERROR] WebSocket connection to 'ws://localhost:1314/livereload' failed: Error in connection establishment: net::ERR_CONNECTION_REFUSED @ http://localhost:1314/livereload.js?mindelay=10&v=2&port=1314&path=livereload:1
[44976006ms] [ERROR] WebSocket connection to 'ws://localhost:1314/livereload' failed: Error in connection establishment: net::ERR_CONNECTION_REFUSED @ http://localhost:1314/livereload.js?mindelay=10&v=2&port=1314&path=livereload:1
[45036015ms] [ERROR] WebSocket connection to 'ws://localhost:1314/livereload' failed: Error in connection establishment: net::ERR_CONNECTION_REFUSED @ http://localhost:1314/livereload.js?mindelay=10&v=2&port=1314&path=livereload:1
[45096025ms] [ERROR] WebSocket connection to 'ws://localhost:1314/livereload' failed: Error in connection establishment: net::ERR_CONNECTION_REFUSED @ http://localhost:1314/livereload.js?mindelay=10&v=2&port=1314&path=livereload:1
[45156031ms] [ERROR] WebSocket connection to 'ws://localhost:1314/livereload' failed: Error in connection establishment: net::ERR_CONNECTION_REFUSED @ http://localhost:1314/livereload.js?mindelay=10&v=2&port=1314&path=livereload:1
[45216048ms] [ERROR] WebSocket connection to 'ws://localhost:1314/livereload' failed: Error in connection establishment: net::ERR_CONNECTION_REFUSED @ http://localhost:1314/livereload.js?mindelay=10&v=2&port=1314&path=livereload:1
[45276058ms] [ERROR] WebSocket connection to 'ws://localhost:1314/livereload' failed: Error in connection establishment: net::ERR_CONNECTION_REFUSED @ http://localhost:1314/livereload.js?mindelay=10&v=2&port=1314&path=livereload:1
[45336067ms] [ERROR] WebSocket connection to 'ws://localhost:1314/livereload' failed: Error in connection establishment: net::ERR_CONNECTION_REFUSED @ http://localhost:1314/livereload.js?mindelay=10&v=2&port=1314&path=livereload:1
[45396074ms] [ERROR] WebSocket connection to 'ws://localhost:1314/livereload' failed: Error in connection establishment: net::ERR_CONNECTION_REFUSED @ http://localhost:1314/livereload.js?mindelay=10&v=2&port=1314&path=livereload:1
[45456081ms] [ERROR] WebSocket connection to 'ws://localhost:1314/livereload' failed: Error in connection establishment: net::ERR_CONNECTION_REFUSED @ http://localhost:1314/livereload.js?mindelay=10&v=2&port=1314&path=livereload:1
[45516089ms] [ERROR] WebSocket connection to 'ws://localhost:1314/livereload' failed: Error in connection establishment: net::ERR_CONNECTION_REFUSED @ http://localhost:1314/livereload.js?mindelay=10&v=2&port=1314&path=livereload:1
[45576098ms] [ERROR] WebSocket connection to 'ws://localhost:1314/livereload' failed: Error in connection establishment: net::ERR_CONNECTION_REFUSED @ http://localhost:1314/livereload.js?mindelay=10&v=2&port=1314&path=livereload:1
[45636105ms] [ERROR] WebSocket connection to 'ws://localhost:1314/livereload' failed: Error in connection establishment: net::ERR_CONNECTION_REFUSED @ http://localhost:1314/livereload.js?mindelay=10&v=2&port=1314&path=livereload:1
[45696115ms] [ERROR] WebSocket connection to 'ws://localhost:1314/livereload' failed: Error in connection establishment: net::ERR_CONNECTION_REFUSED @ http://localhost:1314/livereload.js?mindelay=10&v=2&port=1314&path=livereload:1
[45756124ms] [ERROR] WebSocket connection to 'ws://localhost:1314/livereload' failed: Error in connection establishment: net::ERR_CONNECTION_REFUSED @ http://localhost:1314/livereload.js?mindelay=10&v=2&port=1314&path=livereload:1
[45816132ms] [ERROR] WebSocket connection to 'ws://localhost:1314/livereload' failed: Error in connection establishment: net::ERR_CONNECTION_REFUSED @ http://localhost:1314/livereload.js?mindelay=10&v=2&port=1314&path=livereload:1
[45876138ms] [ERROR] WebSocket connection to 'ws://localhost:1314/livereload' failed: Error in connection establishment: net::ERR_CONNECTION_REFUSED @ http://localhost:1314/livereload.js?mindelay=10&v=2&port=1314&path=livereload:1
[45936149ms] [ERROR] WebSocket connection to 'ws://localhost:1314/livereload' failed: Error in connection establishment: net::ERR_CONNECTION_REFUSED @ http://localhost:1314/livereload.js?mindelay=10&v=2&port=1314&path=livereload:1
[45996157ms] [ERROR] WebSocket connection to 'ws://localhost:1314/livereload' failed: Error in connection establishment: net::ERR_CONNECTION_REFUSED @ http://localhost:1314/livereload.js?mindelay=10&v=2&port=1314&path=livereload:1
[46056163ms] [ERROR] WebSocket connection to 'ws://localhost:1314/livereload' failed: Error in connection establishment: net::ERR_CONNECTION_REFUSED @ http://localhost:1314/livereload.js?mindelay=10&v=2&port=1314&path=livereload:1
[46116176ms] [ERROR] WebSocket connection to 'ws://localhost:1314/livereload' failed: Error in connection establishment: net::ERR_CONNECTION_REFUSED @ http://localhost:1314/livereload.js?mindelay=10&v=2&port=1314&path=livereload:1
[46176182ms] [ERROR] WebSocket connection to 'ws://localhost:1314/livereload' failed: Error in connection establishment: net::ERR_CONNECTION_REFUSED @ http://localhost:1314/livereload.js?mindelay=10&v=2&port=1314&path=livereload:1
[46236189ms] [ERROR] WebSocket connection to 'ws://localhost:1314/livereload' failed: Error in connection establishment: net::ERR_CONNECTION_REFUSED @ http://localhost:1314/livereload.js?mindelay=10&v=2&port=1314&path=livereload:1
[46296199ms] [ERROR] WebSocket connection to 'ws://localhost:1314/livereload' failed: Error in connection establishment: net::ERR_CONNECTION_REFUSED @ http://localhost:1314/livereload.js?mindelay=10&v=2&port=1314&path=livereload:1
[46356206ms] [ERROR] WebSocket connection to 'ws://localhost:1314/livereload' failed: Error in connection establishment: net::ERR_CONNECTION_REFUSED @ http://localhost:1314/livereload.js?mindelay=10&v=2&port=1314&path=livereload:1
[46416212ms] [ERROR] WebSocket connection to 'ws://localhost:1314/livereload' failed: Error in connection establishment: net::ERR_CONNECTION_REFUSED @ http://localhost:1314/livereload.js?mindelay=10&v=2&port=1314&path=livereload:1
[46476218ms] [ERROR] WebSocket connection to 'ws://localhost:1314/livereload' failed: Error in connection establishment: net::ERR_CONNECTION_REFUSED @ http://localhost:1314/livereload.js?mindelay=10&v=2&port=1314&path=livereload:1
[46536227ms] [ERROR] WebSocket connection to 'ws://localhost:1314/livereload' failed: Error in connection establishment: net::ERR_CONNECTION_REFUSED @ http://localhost:1314/livereload.js?mindelay=10&v=2&port=1314&path=livereload:1
[46596237ms] [ERROR] WebSocket connection to 'ws://localhost:1314/livereload' failed: Error in connection establishment: net::ERR_CONNECTION_REFUSED @ http://localhost:1314/livereload.js?mindelay=10&v=2&port=1314&path=livereload:1
[46656248ms] [ERROR] WebSocket connection to 'ws://localhost:1314/livereload' failed: Error in connection establishment: net::ERR_CONNECTION_REFUSED @ http://localhost:1314/livereload.js?mindelay=10&v=2&port=1314&path=livereload:1
[46716255ms] [ERROR] WebSocket connection to 'ws://localhost:1314/livereload' failed: Error in connection establishment: net::ERR_CONNECTION_REFUSED @ http://localhost:1314/livereload.js?mindelay=10&v=2&port=1314&path=livereload:1
[46776273ms] [ERROR] WebSocket connection to 'ws://localhost:1314/livereload' failed: Error in connection establishment: net::ERR_CONNECTION_REFUSED @ http://localhost:1314/livereload.js?mindelay=10&v=2&port=1314&path=livereload:1
[46836280ms] [ERROR] WebSocket connection to 'ws://localhost:1314/livereload' failed: Error in connection establishment: net::ERR_CONNECTION_REFUSED @ http://localhost:1314/livereload.js?mindelay=10&v=2&port=1314&path=livereload:1
[46896303ms] [ERROR] WebSocket connection to 'ws://localhost:1314/livereload' failed: Error in connection establishment: net::ERR_CONNECTION_REFUSED @ http://localhost:1314/livereload.js?mindelay=10&v=2&port=1314&path=livereload:1
[46956336ms] [ERROR] WebSocket connection to 'ws://localhost:1314/livereload' failed: Error in connection establishment: net::ERR_CONNECTION_REFUSED @ http://localhost:1314/livereload.js?mindelay=10&v=2&port=1314&path=livereload:1
